Hand                               , Skat      ,       JacksMask,  CntJ,  Aces,  Tens, Att10, MxLen,   TKS,   BestGame,  WinProb,  ProbGrand,  ProbClubs, ProbSpades,  ProbHearts,  ProbDiamonds,     ProbNull, WonMask ,   DurationMs
[CT CQ C9 SK S9 HT HQ H9 DQ D9]    , -         ,               -,     0,     0,     2,     0,     3,     0,      Grand,   0.0000,     0.0000,     0.0000,     0.0000,      0.0000,        0.0000,       0.0000, ------  ,      4053.36
[CA C7 SK SQ HA HT H7 DA DQ D7]    , -         ,               -,     0,     3,     1,     1,     3,     0,      Grand,   0.1000,     0.1000,     0.0000,     0.1000,      0.0000,        0.0000,       0.0000, ------  ,      5649.50
[CJ SJ CK C9 C7 SA HQ H9 DK DQ]    , -         ,              CS,     2,     1,     0,     0,     3,     0,      Clubs,   0.0500,     0.0000,     0.0500,     0.0000,      0.0000,        0.0000,       0.0000, ------  ,      8208.95
[CJ CQ SK S9 S8 S7 HK H9 DT DK]    , -         ,               C,     1,     0,     1,     0,     4,     0,      Grand,   0.0000,     0.0000,     0.0000,     0.0000,      0.0000,        0.0000,       0.0000, ------  ,      8779.07
[HJ CK C8 C7 SK S8 HK HQ DK D8]    , -         ,               H,     1,     0,     0,     0,     3,     0,      Grand,   0.0000,     0.0000,     0.0000,     0.0000,      0.0000,        0.0000,       0.0000, ------  ,      9151.05
[CT C8 SA ST SK HT H9 DA DT DQ]    , -         ,               -,     0,     2,     4,     2,     3,     0,      Grand,   0.1000,     0.1000,     0.0000,     0.0000,      0.0000,        0.0000,       0.0000, ------  ,     10746.07
[SJ CA CT C8 C7 SK HA H7 DK DQ]    , -         ,               S,     1,     2,     1,     1,     4,     0,      Clubs,   0.1000,     0.0000,     0.1000,     0.0000,      0.0000,        0.0000,       0.0000, ------  ,     14001.35
[CT C8 S9 HT H7 DK DQ DJ D9 D7]    , -         ,               D,     1,     0,     2,     0,     4,     0,       Null,   0.2500,     0.0000,     0.0000,     0.0000,      0.0000,        0.0000,       0.2500, ------  ,     14661.16
[CJ SJ CA CQ C8 SK HA H7 DT DQ]    , -         ,              CS,     2,     2,     1,     0,     3,     0,      Clubs,   0.4500,     0.2500,     0.4500,     0.1500,      0.1500,        0.3500,       0.0000, ------  ,     15350.03
[CJ SJ CA C9 C8 C7 S9 HT DA D7]    , -         ,              CS,     2,     2,     1,     0,     4,     0,      Clubs,   0.6500,     0.2500,     0.6500,     0.1000,      0.0500,        0.3500,       0.0000, ------  ,      8310.90
[CJ DJ CQ C9 SA ST S9 S7 HQ DT]    , -         ,              CD,     2,     1,     2,     1,     4,     0,      Grand,   0.1500,     0.1500,     0.0500,     0.1000,      0.0000,        0.0000,       0.0000, ------  ,     17107.74
[CJ SJ DJ S9 S8 S7 CQ C8 HA H8]    , -         ,             CSD,     3,     1,     0,     0,     3,     0,     Spades,   0.8500,     0.0000,     0.6000,     0.8500,      0.0500,        0.0000,       0.0000, --S---  ,     18665.08
[CJ CA CT C9 C7 SA S7 H9 H7 D9]    , -         ,               C,     1,     2,     1,     1,     4,     0,      Clubs,   0.1500,     0.1000,     0.1500,     0.0000,      0.0000,        0.0000,       0.0000, ------  ,     21480.34
[CA C7 SA S9 S7 HA HT DA DK D9]    , -         ,               -,     0,     4,     1,     1,     3,     0,      Grand,   0.6000,     0.6000,     0.2000,     0.2000,      0.0500,        0.2500,       0.0000, ------  ,      8082.11
[SJ HJ CQ C9 C8 ST S7 HQ DT DQ]    , -         ,              SH,     2,     0,     2,     0,     3,     0,      Grand,   0.0000,     0.0000,     0.0000,     0.0000,      0.0000,        0.0000,       0.0000, ------  ,     22872.70
[CJ DJ CK C9 SK S9 S8 HK D9 D8]    , -         ,              CD,     2,     0,     0,     0,     3,     0,      Grand,   0.0000,     0.0000,     0.0000,     0.0000,      0.0000,        0.0000,       0.0000, ------  ,     23144.55
[CJ CK C9 C8 S9 HT HQ H8 DT DQ]    , -         ,               C,     1,     0,     2,     0,     3,     0,      Clubs,   0.0500,     0.0000,     0.0500,     0.0000,      0.0000,        0.0000,       0.0500, ------  ,     24020.12
[CK CQ SA ST SQ S7 HT HK DT D9]    , -         ,               -,     0,     1,     3,     1,     4,     0,      Grand,   0.0000,     0.0000,     0.0000,     0.0000,      0.0000,        0.0000,       0.0000, ------  ,      9009.15
[CQ C9 S8 S7 HT HQ H8 H7 DA DK]    , -         ,               -,     0,     1,     1,     0,     4,     0,      Grand,   0.0000,     0.0000,     0.0000,     0.0000,      0.0000,        0.0000,       0.0000, ------  ,      2767.33
[SA ST SK S9 S8 CA H9 DK D9 D7]    , -         ,               -,     0,     2,     1,     1,     5,     1,     Spades,   0.0500,     0.0000,     0.0000,     0.0500,      0.0000,        0.0000,       0.0000, ------  ,     26769.57
[CT C8 ST S9 S7 H7 DK DJ D8 D7]    , -         ,               D,     1,     0,     2,     0,     3,     0,       Null,   0.6500,     0.0000,     0.0000,     0.0000,      0.0000,        0.0000,       0.6500, ------  ,     27219.36
[HJ D9 D7 CQ ST SQ S7 HA HT HQ]    , -         ,               H,     1,     1,     2,     1,     3,     0,   Diamonds,   0.0500,     0.0000,     0.0000,     0.0000,      0.0000,        0.0500,       0.0000, ------  ,     27916.84
[SJ CT CK SK SQ S8 H9 DA DQ D7]    , -         ,               S,     1,     1,     1,     0,     3,     0,      Grand,   0.0000,     0.0000,     0.0000,     0.0000,      0.0000,        0.0000,       0.0000, ------  ,     27975.84
[CJ HJ SA SQ S7 CK CQ HA DT D8]    , -         ,              CH,     2,     2,     1,     0,     3,     0,     Spades,   0.3000,     0.2500,     0.2000,     0.3000,      0.0000,        0.2000,       0.0000, ------  ,     28447.41
[CJ HJ CA C9 ST S8 HA H8 H7 DK]    , -         ,              CH,     2,     2,     1,     0,     3,     0,      Grand,   0.1000,     0.1000,     0.0500,     0.1000,      0.0500,        0.1000,       0.0000, ------  ,     28787.66
[CT CK C8 C7 SA ST H9 H7 DA DT]    , -         ,               -,     0,     2,     3,     2,     4,     1,      Clubs,   0.2000,     0.1500,     0.2000,     0.0000,      0.1500,        0.0000,       0.0000, ------  ,      4238.20
[HJ CT CK ST S9 HA HT HK H8 D9]    , -         ,               H,     1,     1,     3,     1,     4,     1,      Grand,   0.0000,     0.0000,     0.0000,     0.0000,      0.0000,        0.0000,       0.0000, ------  ,     34112.12
[SJ HJ DK D9 D8 D7 CA CT SQ S8]    , -         ,              SH,     2,     1,     1,     1,     4,     0,   Diamonds,   0.5500,     0.0000,     0.0000,     0.0000,      0.0000,        0.5500,       0.0000, ------  ,     34230.93
[SJ HJ CK C9 C7 SQ HA DA DK D9]    , -         ,              SH,     2,     2,     0,     0,     3,     0,      Clubs,   0.4000,     0.0000,     0.4000,     0.0000,      0.0000,        0.1000,       0.0000, ------  ,     28586.91
[CA CT C9 SQ S9 S7 HA HQ H8 D7]    , -         ,               -,     0,     2,     1,     1,     3,     0,      Grand,   0.0000,     0.0000,     0.0000,     0.0000,      0.0000,        0.0000,       0.0000, ------  ,      5229.66
[DJ CK S7 HT HQ H9 DA DK D8 D7]    , -         ,               D,     1,     1,     1,     0,     4,     0,      Grand,   0.0000,     0.0000,     0.0000,     0.0000,      0.0000,        0.0000,       0.0000, ------  ,     37111.16
[DJ CA CQ SA SK SQ S9 HT H8 D8]    , -         ,               D,     1,     2,     1,     0,     4,     0,      Grand,   0.0000,     0.0000,     0.0000,     0.0000,      0.0000,        0.0000,       0.0000, ------  ,     37925.57
[CJ DJ HK H7 CT CK SA SQ S7 D7]    , -         ,              CD,     2,     1,     1,     0,     3,     0,     Hearts,   0.0500,     0.0000,     0.0000,     0.0000,      0.0500,        0.0500,       0.0000, ------  ,     37941.81
[CJ DJ CQ S8 HA HK HQ DA DQ D8]    , -         ,              CD,     2,     2,     0,     0,     3,     0,      Grand,   0.2000,     0.2000,     0.0000,     0.0000,      0.1000,        0.1500,       0.0000, ------  ,     38443.34
[DJ SA SQ S9 S8 S7 CA CQ DA D9]    , -         ,               D,     1,     3,     0,     0,     5,     0,     Spades,   0.8500,     0.3000,     0.0000,     0.8500,      0.2500,        0.0000,       0.0000, --S---  ,     27951.31
[HJ CA C8 C7 S7 H7 DT DK DQ D8]    , -         ,               H,     1,     1,     1,     0,     4,     1,      Grand,   0.0000,     0.0000,     0.0000,     0.0000,      0.0000,        0.0000,       0.0000, ------  ,     38949.51
[SJ HJ SK S8 S7 CA CT C9 C8 DQ]    , -         ,              SH,     2,     1,     1,     1,     4,     0,     Spades,   0.6000,     0.0000,     0.5000,     0.6000,      0.0000,        0.0000,       0.0000, ------  ,     39212.87
[DJ CT CQ C8 SA HK HQ H8 DT D7]    , -         ,               D,     1,     1,     2,     0,     3,     0,      Grand,   0.0000,     0.0000,     0.0000,     0.0000,      0.0000,        0.0000,       0.0000, ------  ,     26018.44
[CJ SJ DT DK D9 D7 CQ C8 ST HA]    , -         ,              CS,     2,     1,     2,     0,     4,     1,   Diamonds,   0.3500,     0.1000,     0.1500,     0.0000,      0.0000,        0.3500,       0.0000, ------  ,     12961.03
[DJ C8 C7 SA SK H9 H7 DA DK DQ]    , -         ,               D,     1,     2,     0,     0,     3,     0,      Grand,   0.0000,     0.0000,     0.0000,     0.0000,      0.0000,        0.0000,       0.0000, ------  ,     18838.84
[CJ HJ DJ DA DQ D9 D8 D7 C8 HQ]    , -         ,             CHD,     3,     1,     0,     0,     5,     0,   Diamonds,   1.0000,     0.9500,     0.1000,     0.0000,      0.2000,        1.0000,       0.0000, G---D-  ,     36887.93
[SJ HJ ST SK S8 S7 CK DA D8 D7]    , -         ,              SH,     2,     1,     1,     0,     4,     1,     Spades,   0.4000,     0.1500,     0.0000,     0.4000,      0.0000,        0.3500,       0.0000, ------  ,     45766.12
[CT CK SA SQ S9 HA H8 H7 DA D9]    , -         ,               -,     0,     3,     1,     0,     3,     0,      Grand,   0.1000,     0.1000,     0.0500,     0.0000,      0.0000,        0.0000,       0.0000, ------  ,      7573.78
[HK H8 CA CQ SA ST S9 DA D9 D7]    , -         ,               -,     0,     3,     1,     1,     3,     0,     Hearts,   0.2000,     0.1500,     0.0500,     0.0000,      0.2000,        0.0000,       0.0000, ------  ,      9401.42
[CJ SJ SK S7 CT HA H9 H7 DA D8]    , -         ,              CS,     2,     2,     1,     0,     3,     0,     Spades,   0.1500,     0.0500,     0.0000,     0.1500,      0.1500,        0.0500,       0.0000, ------  ,      8763.01
[SJ CT CQ C9 C8 SQ S8 HK HQ D7]    , -         ,               S,     1,     0,     1,     0,     4,     0,      Grand,   0.0000,     0.0000,     0.0000,     0.0000,      0.0000,        0.0000,       0.0000, ------  ,     23616.37
[DJ CT CQ C9 SA ST SQ HK H7 D7]    , -         ,               D,     1,     1,     2,     1,     3,     0,      Grand,   0.0000,     0.0000,     0.0000,     0.0000,      0.0000,        0.0000,       0.0000, ------  ,     25046.83
[CJ DJ CK ST SQ HT H7 DT DK D9]    , -         ,              CD,     2,     0,     3,     0,     3,     1,      Grand,   0.1000,     0.1000,     0.0000,     0.0000,      0.0000,        0.0500,       0.0000, ------  ,     34888.22
[HJ C8 SQ S9 S7 HA H8 DA DK D7]    , -         ,               H,     1,     2,     0,     0,     3,     0,      Grand,   0.0000,     0.0000,     0.0000,     0.0000,      0.0000,        0.0000,       0.0000, ------  ,     53167.23
[SJ CT C9 SA SK HQ H7 DA DT D7]    , -         ,               S,     1,     2,     2,     1,     3,     0,      Grand,   0.1000,     0.1000,     0.0000,     0.0000,      0.0500,        0.0000,       0.0000, ------  ,     25028.19
[DJ CA C7 ST SK S7 HQ H9 H8 DK]    , -         ,               D,     1,     1,     1,     0,     3,     1,      Grand,   0.0000,     0.0000,     0.0000,     0.0000,      0.0000,        0.0000,       0.0000, ------  ,     15391.46
[CT CK C8 SA ST H9 H8 H7 DT D8]    , -         ,               -,     0,     1,     3,     1,     3,     1,      Grand,   0.0000,     0.0000,     0.0000,     0.0000,      0.0000,        0.0000,       0.0000, ------  ,      2432.68
[CK CQ C7 S8 S7 H9 DT D9 D8 D7]    , -         ,               -,     0,     0,     1,     0,     4,     0,      Grand,   0.0000,     0.0000,     0.0000,     0.0000,      0.0000,        0.0000,       0.0000, ------  ,      1998.57
[CJ SJ DJ DK DQ D8 S8 HT HQ H7]    , -         ,             CSD,     3,     0,     1,     0,     3,     0,   Diamonds,   0.8500,     0.0000,     0.0000,     0.0000,      0.7500,        0.8500,       0.0000, ---HD-  ,     56370.64
[CQ C7 SK SQ S8 S7 CJ D9 D8 D7]    , -         ,               C,     1,     0,     0,     0,     4,     0,       Null,   0.3500,     0.0000,     0.0000,     0.0000,      0.0000,        0.0000,       0.3500, ------  ,     15361.27
[C9 S9 S7 H9 H7 DA DK CJ D8 D7]    , -         ,               C,     1,     1,     0,     0,     4,     0,       Null,   0.2000,     0.0000,     0.0000,     0.0000,      0.0000,        0.0000,       0.2000, ------  ,     19868.66
[CA C9 C8 C7 SA S8 H7 DT D9 D8]    , -         ,               -,     0,     2,     1,     0,     4,     0,      Grand,   0.0500,     0.0500,     0.0000,     0.0000,      0.0500,        0.0000,       0.0000, ------  ,      6878.39
[SJ CK C9 C8 SA ST SQ HA H8 H7]    , -         ,               S,     1,     2,     1,     1,     3,     0,      Clubs,   0.1500,     0.0000,     0.1500,     0.0000,      0.0000,        0.0000,       0.0000, ------  ,     40938.28
[SJ DJ HT H9 H8 C7 SA S8 DA D7]    , -         ,              SD,     2,     2,     1,     0,     3,     0,     Hearts,   0.3000,     0.1000,     0.0500,     0.0500,      0.3000,        0.0500,       0.0000, ------  ,     50537.46
[CK CQ C9 C7 SK SQ HA HK H9 D7]    , -         ,               -,     0,     1,     0,     0,     4,     0,      Grand,   0.0000,     0.0000,     0.0000,     0.0000,      0.0000,        0.0000,       0.0000, ------  ,      2024.43
[CJ CQ C8 C7 SK HA H9 DK D9 D7]    , -         ,               C,     1,     1,     0,     0,     3,     0,      Grand,   0.0000,     0.0000,     0.0000,     0.0000,      0.0000,        0.0000,       0.0000, ------  ,      9371.25
[SJ C7 ST SK SQ S8 HT HQ H9 DK]    , -         ,               S,     1,     0,     2,     0,     4,     1,      Grand,   0.0000,     0.0000,     0.0000,     0.0000,      0.0000,        0.0000,       0.0000, ------  ,     61724.59
[CJ HJ DJ SK S9 S8 CK CQ H9 D8]    , -         ,             CHD,     3,     0,     0,     0,     3,     0,     Spades,   0.1000,     0.0000,     0.0000,     0.1000,      0.0000,        0.0000,       0.0000, ------  ,     37998.93
[SJ DJ CK C9 SQ S7 H7 DK D8 D7]    , -         ,              SD,     2,     0,     0,     0,     3,     0,      Grand,   0.0000,     0.0000,     0.0000,     0.0000,      0.0000,        0.0000,       0.0000, ------  ,     29450.56
[HJ HA H9 H8 H7 CK C8 SA SK DK]    , -         ,               H,     1,     2,     0,     0,     4,     0,     Hearts,   0.0500,     0.0000,     0.0000,     0.0000,      0.0500,        0.0000,       0.0000, ------  ,     18976.13
[CJ DJ CK C9 C7 SQ S9 S7 H9 D9]    , -         ,              CD,     2,     0,     0,     0,     3,     0,      Grand,   0.0000,     0.0000,     0.0000,     0.0000,      0.0000,        0.0000,       0.0000, ------  ,     45975.83
[CJ SJ HJ DK DQ D9 D8 CT C8 H9]    , -         ,             CSH,     3,     0,     1,     0,     4,     0,   Diamonds,   0.9500,     0.1000,     0.4500,     0.0000,      0.0000,        0.9500,       0.0000, ----D-  ,     45880.31
[DJ C9 C7 SA ST SK S8 HT H7 D8]    , -         ,               D,     1,     1,     2,     1,     4,     1,      Grand,   0.0000,     0.0000,     0.0000,     0.0000,      0.0000,        0.0000,       0.0000, ------  ,     22407.23
[CJ SJ HJ C9 C8 HA HT H9 DA DQ]    , -         ,             CSH,     3,     2,     1,     1,     3,     0,      Grand,   1.0000,     1.0000,     1.0000,     0.5000,      0.9500,        1.0000,       0.0000, GC-HD-  ,     11483.76
[HJ DJ HA HQ H7 ST DA DT D8 D7]    , -         ,              HD,     2,     2,     2,     1,     4,     0,     Hearts,   0.7000,     0.4000,     0.0000,     0.0000,      0.7000,        0.5500,       0.0500, ---H--  ,     44297.63
[CJ SJ HJ CT C8 SQ HA H8 H7 DT]    , -         ,             CSH,     3,     1,     2,     0,     3,     0,      Clubs,   0.6000,     0.0500,     0.6000,     0.2000,      0.1500,        0.3000,       0.0000, ------  ,     10714.65
[HJ DA DK DQ D9 D8 CK HQ H8 H7]    , -         ,               H,     1,     1,     0,     0,     5,     0,   Diamonds,   0.1500,     0.0000,     0.0000,     0.0000,      0.0000,        0.1500,       0.0000, ------  ,     32047.16
[CJ CA CT CQ C8 SA S9 H8 DK DQ]    , -         ,               C,     1,     2,     1,     1,     4,     0,      Grand,   0.1000,     0.1000,     0.1000,     0.0000,      0.0000,        0.0000,       0.0000, ------  ,     26469.16
[CT CQ C8 C7 ST S8 S7 HA HK H9]    , -         ,               -,     0,     1,     2,     0,     4,     0,      Grand,   0.0000,     0.0000,     0.0000,     0.0000,      0.0000,        0.0000,       0.0000, ------  ,      4776.09
[CJ CT CQ C9 C8 ST HK DA D9 D7]    , -         ,               C,     1,     1,     2,     0,     4,     0,      Grand,   0.0000,     0.0000,     0.0000,     0.0000,      0.0000,        0.0000,       0.0000, ------  ,     10342.30
[SJ CT C9 SA S7 HT H7 DK DQ D8]    , -         ,               S,     1,     1,     2,     0,     3,     0,      Grand,   0.0000,     0.0000,     0.0000,     0.0000,      0.0000,        0.0000,       0.0000, ------  ,     20367.46
[CK CQ C9 SK S8 S7 HQ DT DK D7]    , -         ,               -,     0,     0,     1,     0,     3,     1,      Grand,   0.0000,     0.0000,     0.0000,     0.0000,      0.0000,        0.0000,       0.0000, ------  ,      1343.95
[DJ DA DQ D7 C9 SA S8 S7 HA HK]    , -         ,               D,     1,     3,     0,     0,     3,     0,   Diamonds,   0.0500,     0.0000,     0.0000,     0.0000,      0.0000,        0.0500,       0.0000, ------  ,     31630.65
[CJ SJ HK H9 C8 SA S8 S7 DQ D9]    , -         ,              CS,     2,     1,     0,     0,     3,     0,     Hearts,   0.0500,     0.0000,     0.0000,     0.0000,      0.0500,        0.0500,       0.0000, ------  ,      8428.86
[CA C8 C7 ST S9 S7 HT H9 DT DQ]    , -         ,               -,     0,     1,     3,     0,     3,     0,      Grand,   0.0000,     0.0000,     0.0000,     0.0000,      0.0000,        0.0000,       0.0000, ------  ,      5731.78
[DJ CQ C8 S9 HA HQ H9 H8 DQ D8]    , -         ,               D,     1,     1,     0,     0,     4,     0,      Grand,   0.0000,     0.0000,     0.0000,     0.0000,      0.0000,        0.0000,       0.0000, ------  ,     17943.70
[SJ DJ HT HQ CA CT CQ S7 DA D8]    , -         ,              SD,     2,     2,     2,     1,     3,     0,     Hearts,   0.3000,     0.2500,     0.0500,     0.0500,      0.3000,        0.1000,       0.0000, ------  ,     50642.12
[HJ CK ST HA HT HK HQ H9 D9 D7]    , -         ,               H,     1,     1,     2,     1,     5,     1,      Grand,   0.0000,     0.0000,     0.0000,     0.0000,      0.0000,        0.0000,       0.0000, ------  ,     17227.42
[HJ CA CQ S8 S7 HA H7 DK DQ D7]    , -         ,               H,     1,     2,     0,     0,     3,     0,      Grand,   0.0000,     0.0000,     0.0000,     0.0000,      0.0000,        0.0000,       0.0000, ------  ,     17392.38
[CJ CT C8 SK HQ H7 DK DQ D9 D7]    , -         ,               C,     1,     0,     1,     0,     4,     0,      Grand,   0.0000,     0.0000,     0.0000,     0.0000,      0.0000,        0.0000,       0.0000, ------  ,      8158.62
[CJ SJ HJ DQ D9 CA SQ S8 HA HT]    , -         ,             CSH,     3,     2,     1,     1,     2,     0,   Diamonds,   1.0000,     0.6000,     0.5500,     0.8500,      0.5500,        1.0000,       0.0000, --S-D-  ,      5105.70
[CT C9 SK S9 HA HT H9 H8 DT DK]    , -         ,               -,     0,     1,     3,     1,     4,     0,      Grand,   0.0000,     0.0000,     0.0000,     0.0000,      0.0000,        0.0000,       0.0000, ------  ,      5313.69
[CJ DJ DK D9 D8 CA CQ S9 HT HQ]    , -         ,              CD,     2,     1,     1,     0,     3,     0,   Diamonds,   0.0500,     0.0000,     0.0000,     0.0000,      0.0000,        0.0500,       0.0000, ------  ,     42035.79
[SJ DJ C9 C8 SA S9 HK H8 DT D9]    , -         ,              SD,     2,     1,     1,     0,     2,     0,      Grand,   0.0000,     0.0000,     0.0000,     0.0000,      0.0000,        0.0000,       0.0000, ------  ,     34799.23
[CA CQ SA ST S9 S8 HA H9 H8 DQ]    , -         ,               -,     0,     3,     1,     1,     4,     0,      Grand,   0.0500,     0.0500,     0.0000,     0.0000,      0.0000,        0.0500,       0.0000, ------  ,     13767.31
[C8 C7 SA ST S7 HA HT H7 DT D9]    , -         ,               -,     0,     2,     3,     2,     3,     0,      Grand,   0.0500,     0.0500,     0.0500,     0.0000,      0.0000,        0.0000,       0.0000, ------  ,      4338.79
[CJ DJ CK CQ C9 SQ S7 DA D9 D8]    , -         ,              CD,     2,     1,     0,     0,     3,     0,      Clubs,   0.0500,     0.0000,     0.0500,     0.0000,      0.0000,        0.0000,       0.0000, ------  ,     40976.51
[SJ DJ CA CK C8 HA HT HK DA D7]    , -         ,              SD,     2,     3,     1,     1,     3,     0,      Grand,   1.0000,     1.0000,     0.8000,     0.1500,      0.9500,        0.6500,       0.0000, GC-H--  ,     53639.06
[SJ HJ DJ CT CQ S9 H9 H7 D8 D7]    , -         ,             SHD,     3,     0,     1,     0,     2,     0,      Grand,   0.0000,     0.0000,     0.0000,     0.0000,      0.0000,        0.0000,       0.0000, ------  ,     32162.25
[DJ DT DK D7 CA C9 S8 HA HK H8]    , -         ,               D,     1,     2,     1,     0,     3,     1,   Diamonds,   0.0500,     0.0000,     0.0000,     0.0000,      0.0000,        0.0500,       0.0000, ------  ,     54443.41
[SA ST SK S9 S8 S7 C7 HQ H7 DA]    , -         ,               -,     0,     2,     1,     1,     6,     1,     Spades,   0.1500,     0.0000,     0.0000,     0.1500,      0.0000,        0.0000,       0.0000, ------  ,     16191.78
[CJ SJ HJ SQ CT CQ HQ H9 D9 D7]    , -         ,             CSH,     3,     0,     1,     0,     2,     0,     Spades,   0.0500,     0.0000,     0.0000,     0.0500,      0.0500,        0.0500,       0.0000, ------  ,      7292.36
[CA CT C9 C8 C7 SK S9 S7 HQ H8]    , -         ,               -,     0,     1,     1,     1,     5,     0,      Grand,   0.0000,     0.0000,     0.0000,     0.0000,      0.0000,        0.0000,       0.0000, ------  ,     15603.62
[SJ CA CT CK CQ S8 HQ H7 DQ D8]    , -         ,               S,     1,     1,     1,     1,     4,     0,      Grand,   0.0000,     0.0000,     0.0000,     0.0000,      0.0000,        0.0000,       0.0000, ------  ,     18990.19
[SK ST S9 S7 HA HQ H9 H7 SJ HJ]    , -         ,              SH,     2,     1,     1,     0,     4,     1,       Null,   1.0000,     0.1000,     0.0000,     0.8500,      0.9000,        0.0000,       1.0000, --SH-N  ,     74697.58
[HJ CT CK C7 SK HQ H9 H7 DK D8]    , -         ,               H,     1,     0,     1,     0,     3,     1,      Grand,   0.0000,     0.0000,     0.0000,     0.0000,      0.0000,        0.0000,       0.0000, ------  ,     12605.78
[SJ CQ SQ S8 S7 H8 DT DK DQ D7]    , -         ,               S,     1,     0,     1,     0,     4,     1,      Grand,   0.0000,     0.0000,     0.0000,     0.0000,      0.0000,        0.0000,       0.0000, ------  ,     22655.36
[CJ DK D8 CA CT CQ SK S9 HA HQ]    , -         ,               C,     1,     2,     1,     1,     3,     0,   Diamonds,   0.1000,     0.0500,     0.0000,     0.0500,      0.0000,        0.1000,       0.0000, ------  ,     20288.12
[CK C9 C8 ST SK S7 HA HT HK DK]    , -         ,               -,     0,     1,     2,     1,     3,     1,      Grand,   0.0000,     0.0000,     0.0000,     0.0000,      0.0000,        0.0000,       0.0000, ------  ,      2444.53
[DJ CT C8 ST SK HA H9 H8 DT DK]    , -         ,               D,     1,     1,     3,     0,     3,     0,      Grand,   0.0500,     0.0500,     0.0000,     0.0500,      0.0000,        0.0000,       0.0000, ------  ,     21328.28
[SJ CT C8 SK SQ S9 DT DK DQ D8]    , -         ,               S,     1,     0,     2,     0,     4,     1,      Grand,   0.0000,     0.0000,     0.0000,     0.0000,      0.0000,        0.0000,       0.0000, ------  ,     59389.30
[CA CQ C9 C7 S9 S7 H9 SJ D9 D7]    , -         ,               S,     1,     1,     0,     0,     4,     0,       Null,   0.4000,     0.0000,     0.0000,     0.0000,      0.0000,        0.0000,       0.4000, ------  ,     20307.70
[SJ SA ST S9 S8 S7 C7 HA H8 D9]    , -         ,               S,     1,     2,     1,     1,     5,     0,     Spades,   0.3000,     0.1000,     0.0000,     0.3000,      0.0000,        0.0000,       0.0000, ------  ,     28535.90
[CJ DJ DK DQ D9 D8 CA HK HQ H8]    , -         ,              CD,     2,     1,     0,     0,     4,     0,   Diamonds,   0.4500,     0.0000,     0.0000,     0.0000,      0.3000,        0.4500,       0.0000, ------  ,     42891.71
[HJ DJ CA C7 ST SK HT HK DT DQ]    , -         ,              HD,     2,     1,     3,     0,     2,     0,      Grand,   0.1000,     0.1000,     0.0000,     0.0000,      0.0000,        0.0000,       0.0000, ------  ,     26420.62
[SJ DJ HQ H8 H7 C8 SA SK DA D9]    , -         ,              SD,     2,     2,     0,     0,     3,     0,     Hearts,   0.1500,     0.0500,     0.0000,     0.0000,      0.1500,        0.0000,       0.0000, ------  ,     48845.52
[CJ CQ C9 C7 S8 HT HQ H9 DA DK]    , -         ,               C,     1,     1,     1,     0,     3,     0,      Grand,   0.0000,     0.0000,     0.0000,     0.0000,      0.0000,        0.0000,       0.0000, ------  ,     15494.05
[HJ DA DT DK DQ D9 CT CK SQ HT]    , -         ,               H,     1,     1,     3,     1,     5,     1,   Diamonds,   0.0500,     0.0000,     0.0000,     0.0000,      0.0000,        0.0500,       0.0000, ------  ,     19412.76
[CJ SJ DJ S9 S7 CT HA HK DA DQ]    , -         ,             CSD,     3,     2,     1,     0,     2,     0,     Spades,   0.6000,     0.2500,     0.4000,     0.6000,      0.2500,        0.3000,       0.0000, ------  ,     10322.18
[CA C9 C8 C7 SA S9 H8 DK D9 D8]    , -         ,               -,     0,     2,     0,     0,     4,     0,      Grand,   0.0000,     0.0000,     0.0000,     0.0000,      0.0000,        0.0000,       0.0000, ------  ,      7067.69
[C8 ST S8 S7 HA HT H8 DK DQ D9]    , -         ,               -,     0,     1,     2,     1,     3,     0,      Grand,   0.0500,     0.0500,     0.0500,     0.0000,      0.0000,        0.0500,       0.0000, ------  ,      3741.14
[DJ CK C8 ST SK S8 HA HK DK DQ]    , -         ,               D,     1,     1,     1,     0,     3,     1,      Grand,   0.0000,     0.0000,     0.0000,     0.0000,      0.0000,        0.0000,       0.0000, ------  ,     13690.75
[CJ SJ DT D9 D7 CA CQ C8 HQ H9]    , -         ,              CS,     2,     1,     1,     0,     3,     0,   Diamonds,   0.2500,     0.0000,     0.1500,     0.0000,      0.0000,        0.2500,       0.0000, ------  ,     30207.64
[HJ DJ CA CT C9 SQ HT H8 DK D7]    , -         ,              HD,     2,     1,     2,     1,     3,     0,      Grand,   0.0000,     0.0000,     0.0000,     0.0000,      0.0000,        0.0000,       0.0000, ------  ,     38105.32
[SJ HT HK H9 H7 CT CK SK DA DT]    , -         ,               S,     1,     1,     3,     1,     4,     1,     Hearts,   0.1500,     0.0000,     0.0000,     0.0000,      0.1500,        0.0000,       0.0000, ------  ,     17015.79
[HJ SK S9 S8 CA HA H8 DT DK D7]    , -         ,               H,     1,     2,     1,     0,     3,     1,     Spades,   0.1500,     0.0000,     0.0000,     0.1500,      0.0000,        0.1000,       0.0000, ------  ,     22851.01
[HJ HA HT HK H8 CT ST DA DT D8]    , -         ,               H,     1,     2,     4,     2,     4,     1,     Hearts,   0.1000,     0.0000,     0.0000,     0.0000,      0.1000,        0.0500,       0.0000, ------  ,     18522.98
[SJ HJ CA CT CQ C7 S9 HA DA DT]    , -         ,              SH,     2,     3,     2,     2,     4,     0,      Grand,   1.0000,     1.0000,     1.0000,     0.5000,      0.3000,        0.3500,       0.0000, GC----  ,     28898.18
[CJ CA CQ C9 C8 SA ST HT DA D9]    , -         ,               C,     1,     3,     2,     1,     4,     0,      Clubs,   0.8500,     0.7000,     0.8500,     0.0500,      0.4500,        0.1000,       0.0000, GC----  ,     10315.39
[SJ HA HT HK HQ H9 H7 SQ DA D9]    , -         ,               S,     1,     2,     1,     1,     6,     1,     Hearts,   1.0000,     0.1500,     0.0000,     0.0000,      1.0000,        0.0000,       0.0000, ---H--  ,     29245.85
[CA CK SK SQ S8 HQ H9 DK D8 D7]    , -         ,               -,     0,     1,     0,     0,     3,     0,      Grand,   0.0000,     0.0000,     0.0000,     0.0000,      0.0000,        0.0000,       0.0000, ------  ,      2262.29
[SJ DJ HQ H9 H8 CA SA SQ S8 D9]    , -         ,              SD,     2,     2,     0,     0,     3,     0,     Hearts,   0.2500,     0.0000,     0.0000,     0.0000,      0.2500,        0.0000,       0.0000, ------  ,     38198.15
[CJ DJ CA C9 C8 C7 S9 HA H8 DA]    , -         ,              CD,     2,     3,     0,     0,     4,     0,      Clubs,   1.0000,     0.8500,     1.0000,     0.5500,      0.5500,        0.0500,       0.0000, GC----  ,     16713.49
[CJ HJ DA DT DK D8 D7 CK C8 S9]    , -         ,              CH,     2,     1,     1,     1,     5,     1,   Diamonds,   0.7000,     0.4500,     0.0000,     0.0000,      0.0000,        0.7000,       0.0000, ----D-  ,     87277.60
[SJ CT C7 SK S9 S8 HA H7 DA DQ]    , -         ,               S,     1,     2,     1,     0,     3,     0,      Grand,   0.0000,     0.0000,     0.0000,     0.0000,      0.0000,        0.0000,       0.0000, ------  ,     25170.67
[C8 C7 ST S9 S7 HQ H8 CJ DT D7]    , -         ,               C,     1,     0,     2,     0,     3,     0,       Null,   0.1000,     0.0000,     0.0000,     0.0000,      0.0000,        0.0000,       0.1000, ------  ,     10766.36
[CT CK CQ C8 C7 ST SQ HA HK DK]    , -         ,               -,     0,     1,     2,     0,     5,     1,      Clubs,   0.0500,     0.0000,     0.0500,     0.0000,      0.0000,        0.0000,       0.0000, ------  ,     10079.26
[SJ CA SK S9 S7 HA HQ DK D9 D7]    , -         ,               S,     1,     2,     0,     0,     3,     0,      Grand,   0.0000,     0.0000,     0.0000,     0.0000,      0.0000,        0.0000,       0.0000, ------  ,     24987.43
[CT CK CQ SA S9 HK HQ H8 DT D7]    , -         ,               -,     0,     1,     2,     0,     3,     0,      Grand,   0.0000,     0.0000,     0.0000,     0.0000,      0.0000,        0.0000,       0.0000, ------  ,      6054.01
[HJ CT C7 SQ HK H9 DA DQ D8 D7]    , -         ,               H,     1,     1,     1,     0,     4,     0,      Grand,   0.0000,     0.0000,     0.0000,     0.0000,      0.0000,        0.0000,       0.0000, ------  ,     23534.80
[CA CT CK SA S8 S7 DT DK DQ D8]    , -         ,               -,     0,     2,     2,     1,     4,     1,      Grand,   0.0500,     0.0500,     0.0000,     0.0000,      0.0500,        0.0000,       0.0000, ------  ,      5847.67
[CQ C9 SA SQ HK H9 H8 H7 DT D7]    , -         ,               -,     0,     1,     1,     0,     4,     0,      Grand,   0.0000,     0.0000,     0.0000,     0.0000,      0.0000,        0.0000,       0.0000, ------  ,      1832.20
[CJ CT C9 C7 SA SK S9 HQ H9 D7]    , -         ,               C,     1,     1,     1,     0,     3,     0,      Grand,   0.0000,     0.0000,     0.0000,     0.0000,      0.0000,        0.0000,       0.0000, ------  ,     21059.47
[SJ HJ ST SQ CA C7 HK DA DT DK]    , -         ,              SH,     2,     2,     2,     1,     3,     0,     Spades,   0.2000,     0.0500,     0.1000,     0.2000,      0.0000,        0.0500,       0.0000, ------  ,     25871.70
[DJ CA C8 SK SQ S7 HQ H9 H8 DK]    , -         ,               D,     1,     1,     0,     0,     3,     0,      Grand,   0.0000,     0.0000,     0.0000,     0.0000,      0.0000,        0.0000,       0.0000, ------  ,     13619.50
[SJ CT C8 SA ST HT HK H8 DA DQ]    , -         ,               S,     1,     2,     3,     1,     3,     1,      Grand,   0.2000,     0.2000,     0.0500,     0.0000,      0.2000,        0.0000,       0.0000, ------  ,     26784.51
[CJ SJ HJ CT C9 C8 C7 H9 H8 H7]    , -         ,             CSH,     3,     0,     1,     0,     4,     0,      Clubs,   1.0000,     0.0500,     1.0000,     0.0000,      0.8500,        0.0000,       0.0000, -C-H--  ,     46611.69
[CT C9 C8 C7 SA H7 DT DQ D9 D8]    , -         ,               -,     0,     1,     2,     0,     4,     0,      Grand,   0.0000,     0.0000,     0.0000,     0.0000,      0.0000,        0.0000,       0.0000, ------  ,      5556.96
[CT CQ C7 ST SK S8 S7 H9 H8 DT]    , -         ,               -,     0,     0,     3,     0,     4,     1,      Grand,   0.0000,     0.0000,     0.0000,     0.0000,      0.0000,        0.0000,       0.0000, ------  ,      2911.62
[SJ HJ CQ C9 SA SQ S7 HK H7 DK]    , -         ,              SH,     2,     1,     0,     0,     3,     0,      Grand,   0.0000,     0.0000,     0.0000,     0.0000,      0.0000,        0.0000,       0.0000, ------  ,     24375.03
[HJ SA SK S9 S8 CA HA HQ DT DK]    , -         ,               H,     1,     3,     1,     0,     4,     0,     Spades,   0.3500,     0.1500,     0.0000,     0.3500,      0.0000,        0.0500,       0.0000, ------  ,     29465.45
[DJ CK C9 C7 ST SK SQ DK D9 D8]    , -         ,               D,     1,     0,     1,     0,     3,     0,      Grand,   0.0000,     0.0000,     0.0000,     0.0000,      0.0000,        0.0000,       0.0000, ------  ,     27086.65
[CJ DJ DK DQ D9 D8 C8 ST S8 HQ]    , -         ,              CD,     2,     0,     1,     0,     4,     0,   Diamonds,   0.1000,     0.0000,     0.0000,     0.0000,      0.0000,        0.1000,       0.0000, ------  ,     46079.90
[DJ C8 C7 SA SQ HA H8 H7 DA D8]    , -         ,               D,     1,     3,     0,     0,     3,     0,      Grand,   0.0000,     0.0000,     0.0000,     0.0000,      0.0000,        0.0000,       0.0000, ------  ,     13125.03
[CJ SJ HJ DT C7 SA ST SK S7 HT]    , -         ,             CSH,     3,     1,     3,     1,     4,     1,   Diamonds,   0.6500,     0.4000,     0.2500,     0.3500,      0.5500,        0.6500,       0.0000, ------  ,      6881.56
[CQ C9 C8 C7 ST SK S8 HA HK D8]    , -         ,               -,     0,     1,     1,     0,     4,     1,      Grand,   0.0000,     0.0000,     0.0000,     0.0000,      0.0000,        0.0000,       0.0000, ------  ,      6531.22
[CJ SJ SK S9 S8 C8 H7 DT DQ D7]    , -         ,              CS,     2,     0,     1,     0,     3,     0,     Spades,   0.1500,     0.0000,     0.0000,     0.1500,      0.0000,        0.0000,       0.1000, ------  ,     32948.43
[SJ HJ CA C7 S9 HA H9 DA DT D7]    , -         ,              SH,     2,     3,     1,     1,     3,     0,      Grand,   0.8000,     0.8000,     0.4000,     0.3500,      0.5000,        0.8000,       0.0000, G---D-  ,     26235.95
[DJ ST S9 S8 S7 CA H8 H7 DA D7]    , -         ,               D,     1,     2,     1,     0,     4,     0,     Spades,   0.1000,     0.0000,     0.0000,     0.1000,      0.0000,        0.0000,       0.0000, ------  ,     12326.98
[CK C7 ST SQ S7 HK H8 DQ D9 D7]    , -         ,               -,     0,     0,     1,     0,     3,     0,      Grand,   0.0000,     0.0000,     0.0000,     0.0000,      0.0000,        0.0000,       0.0000, ------  ,      1427.83
[CJ DJ CA C9 ST S7 HT HK DQ D8]    , -         ,              CD,     2,     1,     2,     0,     2,     0,      Grand,   0.0000,     0.0000,     0.0000,     0.0000,      0.0000,        0.0000,       0.0000, ------  ,     30217.55
[HJ DJ ST S9 S8 S7 CQ C9 HQ DA]    , -         ,              HD,     2,     1,     1,     0,     4,     0,     Spades,   0.0500,     0.0000,     0.0000,     0.0500,      0.0000,        0.0000,       0.0000, ------  ,     19338.23
[SJ CQ C8 C7 ST S9 HK DA DK D7]    , -         ,               S,     1,     1,     1,     0,     3,     0,      Grand,   0.0000,     0.0000,     0.0000,     0.0000,      0.0000,        0.0000,       0.0000, ------  ,     19530.61
[CJ DA DT DQ D9 D7 CA ST HQ H9]    , -         ,               C,     1,     2,     2,     1,     5,     0,   Diamonds,   0.1500,     0.0000,     0.0000,     0.0000,      0.0000,        0.1500,       0.0000, ------  ,     13992.37
[CQ CT C8 S8 S7 HQ H7 HJ DT D8]    , -         ,               H,     1,     0,     2,     0,     3,     0,       Null,   0.0500,     0.0000,     0.0000,     0.0000,      0.0000,        0.0000,       0.0500, ------  ,     11426.07
[CJ HJ CT SK HK HQ H7 DQ D9 D8]    , -         ,              CH,     2,     0,     1,     0,     3,     0,      Grand,   0.0000,     0.0000,     0.0000,     0.0000,      0.0000,        0.0000,       0.0000, ------  ,     16705.27
[C9 C7 ST S9 S8 HT H8 SJ DJ D8]    , -         ,              SD,     2,     0,     2,     0,     3,     0,       Null,   0.1000,     0.0000,     0.0000,     0.0000,      0.0000,        0.0000,       0.1000, ------  ,     76351.79
[DJ CA CT S9 HK H9 H8 DK DQ D9]    , -         ,               D,     1,     1,     1,     1,     3,     0,      Grand,   0.0000,     0.0000,     0.0000,     0.0000,      0.0000,        0.0000,       0.0000, ------  ,     14609.19
[CJ SJ CA C7 SA SK SQ HT DT DQ]    , -         ,              CS,     2,     2,     2,     0,     3,     0,      Grand,   0.4000,     0.4000,     0.1000,     0.2500,      0.2000,        0.3500,       0.0000, ------  ,     13397.99
[CQ C9 SQ S7 HT HK H8 DK DQ D8]    , -         ,               -,     0,     0,     1,     0,     3,     1,      Grand,   0.0000,     0.0000,     0.0000,     0.0000,      0.0000,        0.0000,       0.0000, ------  ,      1474.08
[CQ C9 C8 S7 HA HT H8 DQ SJ D7]    , -         ,               S,     1,     1,     1,     1,     3,     0,       Null,   0.0500,     0.0000,     0.0000,     0.0000,      0.0000,        0.0000,       0.0500, ------  ,     18844.28
[C8 SA ST HT HK HQ H8 DQ D9 D7]    , -         ,               -,     0,     1,     2,     1,     4,     1,      Grand,   0.0000,     0.0000,     0.0000,     0.0000,      0.0000,        0.0000,       0.0000, ------  ,      4115.43
[HJ DJ CQ C9 SA ST H9 DA D9 D7]    , -         ,              HD,     2,     2,     1,     1,     3,     0,      Clubs,   0.2500,     0.1500,     0.2500,     0.0000,      0.1500,        0.2000,       0.0000, ------  ,     25963.41
[CJ C9 C7 SA SK S9 S8 HT D9 D7]    , -         ,               C,     1,     1,     1,     0,     4,     0,      Clubs,   0.0500,     0.0000,     0.0500,     0.0000,      0.0000,        0.0000,       0.0000, ------  ,     13596.17
[HT HQ H9 H8 H7 ST S9 S7 DK D8]    , -         ,               -,     0,     0,     2,     0,     5,     0,     Hearts,   0.0500,     0.0000,     0.0000,     0.0000,      0.0500,        0.0000,       0.0000, ------  ,     29366.31
[HJ CT CK CQ C7 SK HA H8 DT D9]    , -         ,               H,     1,     1,     2,     0,     4,     1,      Grand,   0.0000,     0.0000,     0.0000,     0.0000,      0.0000,        0.0000,       0.0000, ------  ,     21354.30
[HJ DJ DK DQ D7 C8 SA ST SK H7]    , -         ,              HD,     2,     1,     1,     1,     3,     0,   Diamonds,   0.1000,     0.0500,     0.0000,     0.0000,      0.0000,        0.1000,       0.0000, ------  ,     25937.20
[CT C7 SA ST S9 S8 HQ HT H8 HJ]    , -         ,               H,     1,     1,     3,     1,     4,     0,       Null,   0.0500,     0.0000,     0.0000,     0.0000,      0.0000,        0.0000,       0.0500, ------  ,     77471.58
[HJ DJ CQ C9 C7 SK SQ H8 DT DQ]    , -         ,              HD,     2,     0,     1,     0,     3,     0,      Grand,   0.0000,     0.0000,     0.0000,     0.0000,      0.0000,        0.0000,       0.0000, ------  ,     29309.01
[DJ CA C9 SA ST SK S9 H9 H7 DT]    , -         ,               D,     1,     2,     2,     1,     4,     1,      Grand,   0.0000,     0.0000,     0.0000,     0.0000,      0.0000,        0.0000,       0.0000, ------  ,     20765.22
[CJ SJ HJ ST S9 S7 C9 C8 HA H8]    , -         ,             CSH,     3,     1,     1,     0,     3,     0,     Spades,   0.8500,     0.1500,     0.8000,     0.8500,      0.1000,        0.0500,       0.0000, -CS---  ,     30265.21
[CJ HJ CT CK CQ C8 C7 ST HT D7]    , -         ,              CH,     2,     0,     3,     0,     5,     1,      Clubs,   0.1500,     0.0000,     0.1500,     0.0000,      0.0000,        0.0000,       0.0500, ------  ,     19755.03
[CJ HJ CA ST S8 HT HK H9 D8 D7]    , -         ,              CH,     2,     1,     2,     0,     3,     1,      Grand,   0.1500,     0.1500,     0.0000,     0.1500,      0.0500,        0.1500,       0.0000, ------  ,     27305.24
[CJ DJ CT S9 HA HK HQ H8 D9 D8]    , -         ,              CD,     2,     1,     1,     0,     4,     0,      Grand,   0.0000,     0.0000,     0.0000,     0.0000,      0.0000,        0.0000,       0.0000, ------  ,     41313.83
[CJ HJ CA CK S8 HK HQ H9 DQ D8]    , -         ,              CH,     2,     1,     0,     0,     3,     0,      Grand,   0.0000,     0.0000,     0.0000,     0.0000,      0.0000,        0.0000,       0.0000, ------  ,     40353.49
[CJ SA ST SK S9 S7 CQ C9 C8 HA]    , -         ,               C,     1,     2,     1,     1,     5,     1,     Spades,   0.9500,     0.1500,     0.3000,     0.9500,      0.0000,        0.0000,       0.0000, --S---  ,     48569.74
[DJ CA CT CQ C8 ST S7 H9 H7 DQ]    , -         ,               D,     1,     1,     2,     1,     4,     0,      Grand,   0.0000,     0.0000,     0.0000,     0.0000,      0.0000,        0.0000,       0.0000, ------  ,     23417.13
[SJ HJ CT C9 C8 ST SQ HQ H9 D8]    , -         ,              SH,     2,     0,     2,     0,     3,     0,      Grand,   0.0000,     0.0000,     0.0000,     0.0000,      0.0000,        0.0000,       0.0000, ------  ,     34969.83
[CJ CK C9 SK HA HT HQ H9 DA D9]    , -         ,               C,     1,     2,     1,     1,     4,     0,      Grand,   0.0000,     0.0000,     0.0000,     0.0000,      0.0000,        0.0000,       0.0000, ------  ,     17361.10
[HJ DJ HT H8 H7 SA ST DA DQ D9]    , -         ,              HD,     2,     2,     2,     1,     3,     0,     Hearts,   0.8000,     0.3500,     0.0500,     0.1000,      0.8000,        0.4500,       0.0000, ---H--  ,     37157.86
[HJ DJ C9 ST SK S9 H9 H7 DT DQ]    , -         ,              HD,     2,     0,     2,     0,     3,     1,      Grand,   0.0000,     0.0000,     0.0000,     0.0000,      0.0000,        0.0000,       0.0000, ------  ,     41538.34
[SJ SA SQ S8 S7 CA CQ C9 DT DK]    , -         ,               S,     1,     2,     1,     0,     4,     0,     Spades,   0.1500,     0.0000,     0.0000,     0.1500,      0.0000,        0.0000,       0.0000, ------  ,     61847.12
[HJ CT C9 ST S7 HA HT DT D9 D8]    , -         ,               H,     1,     1,     4,     1,     3,     0,      Grand,   0.0500,     0.0500,     0.0500,     0.0000,      0.0000,        0.0000,       0.0000, ------  ,     24503.52
[SJ HJ HT H8 CK SK S8 DA DQ D7]    , -         ,              SH,     2,     1,     1,     0,     3,     0,     Hearts,   0.0500,     0.0000,     0.0000,     0.0000,      0.0500,        0.0000,       0.0000, ------  ,     41452.96
[CJ SJ HQ H9 CT C8 SK DA DK DQ]    , -         ,              CS,     2,     1,     1,     0,     3,     0,     Hearts,   0.1000,     0.0000,     0.0500,     0.0000,      0.1000,        0.0000,       0.0000, ------  ,     11700.22
[CQ C7 SA SQ HA HK DA DT DQ D9]    , -         ,               -,     0,     3,     1,     1,     4,     0,      Grand,   0.0000,     0.0000,     0.0000,     0.0000,      0.0000,        0.0000,       0.0000, ------  ,      8666.27
[SJ HJ CA CT CQ C9 C8 SQ S8 DA]    , -         ,              SH,     2,     2,     1,     1,     5,     0,      Clubs,   0.9500,     0.6500,     0.9500,     0.2500,      0.0000,        0.0000,       0.0000, -C----  ,     55493.41
[SJ CQ C9 C7 ST S9 HA H8 D8 D7]    , -         ,               S,     1,     1,     1,     0,     3,     0,      Grand,   0.0000,     0.0000,     0.0000,     0.0000,      0.0000,        0.0000,       0.0000, ------  ,     18416.83
[SJ HJ C9 C7 SA SQ S7 HK DQ D7]    , -         ,              SH,     2,     1,     0,     0,     3,     0,      Grand,   0.0000,     0.0000,     0.0000,     0.0000,      0.0000,        0.0000,       0.0000, ------  ,     18089.05
[CJ DQ D8 D7 CA C9 C7 SA HK HQ]    , -         ,               C,     1,     2,     0,     0,     3,     0,   Diamonds,   0.0500,     0.0000,     0.0000,     0.0000,      0.0000,        0.0500,       0.0000, ------  ,      5735.52
[CJ HJ SQ S9 S7 CA CK HA DK DQ]    , -         ,              CH,     2,     2,     0,     0,     3,     0,     Spades,   0.3000,     0.0500,     0.0000,     0.3000,      0.0000,        0.1000,       0.0000, ------  ,     22717.35
[HJ CK C8 C7 SA ST SQ HK H9 D8]    , -         ,               H,     1,     1,     1,     1,     3,     0,      Grand,   0.0000,     0.0000,     0.0000,     0.0000,      0.0000,        0.0000,       0.0000, ------  ,     31797.98
[CJ SJ DT DQ D8 CT C9 SK HA H8]    , -         ,              CS,     2,     1,     2,     0,     3,     0,   Diamonds,   0.3000,     0.1000,     0.1500,     0.0500,      0.0000,        0.3000,       0.0000, ------  ,     18752.55
[SJ HJ DJ DK D9 D8 C9 SA SK HA]    , -         ,             SHD,     3,     2,     0,     0,     3,     0,   Diamonds,   0.9000,     0.0500,     0.1500,     0.3500,      0.0500,        0.9000,       0.0000, ----D-  ,     38329.42
[SJ DK CA CK C8 SA S7 HA HT H8]    , -         ,               S,     1,     3,     1,     1,     3,     0,   Diamonds,   0.4000,     0.3500,     0.3500,     0.2000,      0.2000,        0.4000,       0.0000, ------  ,     42946.88
[CJ DJ CA CT C9 SA S7 DA D9 D8]    , -         ,              CD,     2,     3,     1,     1,     3,     0,      Grand,   1.0000,     1.0000,     0.8500,     0.7000,      0.3000,        1.0000,       0.0000, GCS-D-  ,     37838.81
[CK CQ C9 C8 S7 HK HQ H8 H7 DK]    , -         ,               -,     0,     0,     0,     0,     4,     0,      Grand,   0.0000,     0.0000,     0.0000,     0.0000,      0.0000,        0.0000,       0.0000, ------  ,      4130.99
[CJ CA CQ C9 C8 SQ H9 H7 DQ D7]    , -         ,               C,     1,     1,     0,     0,     4,     0,      Grand,   0.0000,     0.0000,     0.0000,     0.0000,      0.0000,        0.0000,       0.0000, ------  ,      8761.88
[CJ SJ HJ CA C8 C7 SA HT H9 DQ]    , -         ,             CSH,     3,     2,     1,     0,     3,     0,      Clubs,   0.9000,     0.5000,     0.9000,     0.4000,      0.9000,        0.6000,       0.0000, -C-H--  ,      9536.29
[HJ CA CT C7 SA SK SQ HA H8 H7]    , -         ,               H,     1,     3,     1,     1,     3,     0,      Clubs,   0.3000,     0.2500,     0.3000,     0.2000,      0.2500,        0.1000,       0.0000, ------  ,     43547.60
[CJ CQ C7 ST SQ HA H8 H7 DA D7]    , -         ,               C,     1,     2,     1,     0,     3,     0,      Grand,   0.0000,     0.0000,     0.0000,     0.0000,      0.0000,        0.0000,       0.0000, ------  ,      7820.59
[C9 SQ S9 S8 HA HT H9 DK D9 D7]    , -         ,               -,     0,     1,     1,     1,     3,     0,      Grand,   0.0000,     0.0000,     0.0000,     0.0000,      0.0000,        0.0000,       0.0000, ------  ,      1466.02
[CK C9 C8 S9 S8 H8 DA DT DK DQ]    , -         ,               -,     0,     1,     1,     1,     4,     0,      Grand,   0.0000,     0.0000,     0.0000,     0.0000,      0.0000,        0.0000,       0.0000, ------  ,      4904.97
[C7 SA ST S8 S7 HK HQ HT H7 DT]    , -         ,               -,     0,     1,     3,     1,     4,     1,       Null,   0.0500,     0.0000,     0.0000,     0.0000,      0.0000,        0.0000,       0.0500, ------  ,     10208.88
[HJ DJ CA CT C7 SQ S8 H9 DT D9]    , -         ,              HD,     2,     1,     2,     1,     3,     0,      Grand,   0.0000,     0.0000,     0.0000,     0.0000,      0.0000,        0.0000,       0.0000, ------  ,     50444.28
[CT CK CQ C7 S8 S7 HQ H9 DA D7]    , -         ,               -,     0,     1,     1,     0,     4,     1,      Grand,   0.0000,     0.0000,     0.0000,     0.0000,      0.0000,        0.0000,       0.0000, ------  ,      2916.32
[CJ CA CQ C8 S9 S8 HA HQ H9 DA]    , -         ,               C,     1,     3,     0,     0,     3,     0,      Grand,   0.3500,     0.3500,     0.1000,     0.3000,      0.1500,        0.0000,       0.0000, ------  ,     21551.30
[DJ CK C9 C8 SK SQ HA HK H9 DT]    , -         ,               D,     1,     1,     1,     0,     3,     0,      Grand,   0.0000,     0.0000,     0.0000,     0.0000,      0.0000,        0.0000,       0.0000, ------  ,      9232.76
[CJ HA HT HK H9 C9 S9 DA D9 D7]    , -         ,               C,     1,     2,     1,     1,     4,     1,     Hearts,   0.2500,     0.2000,     0.0000,     0.0000,      0.2500,        0.0500,       0.0000, ------  ,     29466.83
[CQ C7 ST SK S8 HK DT DK DQ D8]    , -         ,               -,     0,     0,     2,     0,     4,     2,      Grand,   0.0000,     0.0000,     0.0000,     0.0000,      0.0000,        0.0000,       0.0000, ------  ,      3668.85
[CJ DJ CQ C8 SQ S9 S7 H9 D9 D8]    , -         ,              CD,     2,     0,     0,     0,     3,     0,      Grand,   0.0000,     0.0000,     0.0000,     0.0000,      0.0000,        0.0000,       0.0000, ------  ,     23821.87
[CA C9 SA S9 S8 S7 HT H8 DK D9]    , -         ,               -,     0,     2,     1,     0,     4,     0,      Grand,   0.0000,     0.0000,     0.0000,     0.0000,      0.0000,        0.0000,       0.0000, ------  ,      7309.44
[CT CQ SA ST S7 HQ DQ D9 D8 D7]    , -         ,               -,     0,     1,     2,     1,     4,     0,      Grand,   0.0000,     0.0000,     0.0000,     0.0000,      0.0000,        0.0000,       0.0000, ------  ,      2957.36
[HJ DJ C8 C7 ST S9 HT H8 H7 DA]    , -         ,              HD,     2,     1,     2,     0,     3,     0,      Grand,   0.0000,     0.0000,     0.0000,     0.0000,      0.0000,        0.0000,       0.0000, ------  ,     27277.12
[DJ SQ S9 S7 CA CQ HQ DA DK D9]    , -         ,               D,     1,     2,     0,     0,     3,     0,     Spades,   0.0500,     0.0000,     0.0000,     0.0500,      0.0000,        0.0000,       0.0000, ------  ,     28974.07
[SJ HJ CT CQ C8 C7 HK H7 DT D7]    , -         ,              SH,     2,     0,     2,     0,     4,     0,      Clubs,   0.1500,     0.0000,     0.1500,     0.0000,      0.0000,        0.0000,       0.0500, ------  ,     78307.20
[HJ CT CK C9 SA S8 S7 HT DK D8]    , -         ,               H,     1,     1,     2,     0,     3,     1,      Grand,   0.0000,     0.0000,     0.0000,     0.0000,      0.0000,        0.0000,       0.0000, ------  ,     17415.77
[CJ SJ DJ CT C9 C7 S7 H8 DQ D9]    , -         ,             CSD,     3,     0,     1,     0,     3,     0,      Clubs,   0.2000,     0.0000,     0.2000,     0.0000,      0.0000,        0.0500,       0.0500, ------  ,     26322.86
[SJ HJ CT CK CQ S8 S7 HT HK DQ]    , -         ,              SH,     2,     0,     2,     0,     3,     0,      Grand,   0.0000,     0.0000,     0.0000,     0.0000,      0.0000,        0.0000,       0.0000, ------  ,     23340.09
[DJ CT CQ C9 SQ HA HQ DA DT D8]    , -         ,               D,     1,     2,     2,     1,     3,     0,      Grand,   0.0500,     0.0500,     0.0500,     0.0000,      0.0000,        0.0000,       0.0000, ------  ,     42322.12
[C7 SA SK S9 S7 HK H8 DA DK D8]    , -         ,               -,     0,     2,     0,     0,     4,     0,      Grand,   0.0000,     0.0000,     0.0000,     0.0000,      0.0000,        0.0000,       0.0000, ------  ,     10433.24
[CT CQ C7 SQ HA HK H8 DT D9 D7]    , -         ,               -,     0,     1,     2,     0,     3,     0,      Grand,   0.0000,     0.0000,     0.0000,     0.0000,      0.0000,        0.0000,       0.0000, ------  ,      4960.61
[HJ CQ SK S8 HK HQ H9 H7 DQ D8]    , -         ,               H,     1,     0,     0,     0,     4,     0,      Grand,   0.0000,     0.0000,     0.0000,     0.0000,      0.0000,        0.0000,       0.0000, ------  ,     14175.47
[DJ HA HT HQ H9 H7 CQ C9 S7 DT]    , -         ,               D,     1,     1,     2,     1,     5,     0,     Hearts,   0.0500,     0.0000,     0.0000,     0.0000,      0.0500,        0.0000,       0.0000, ------  ,     16635.69
[C8 C7 ST S7 HA H9 H7 DT D9 D7]    , -         ,               -,     0,     1,     2,     0,     3,     0,       Null,   0.4000,     0.0000,     0.0000,     0.0000,      0.0000,        0.0000,       0.4000, ------  ,      4104.31
[CJ DJ HK HQ H9 CA CT CK CQ DA]    , -         ,              CD,     2,     2,     1,     1,     4,     0,     Hearts,   1.0000,     0.7500,     0.9500,     0.0000,      1.0000,        0.0000,       0.0000, GC-H--  ,     29475.40
[CJ SJ CQ C9 C8 SA SK S7 DT D9]    , -         ,              CS,     2,     1,     1,     0,     3,     0,      Clubs,   0.4000,     0.1000,     0.4000,     0.2000,      0.0000,        0.1000,       0.0000, ------  ,     29467.02
[DJ ST S8 S7 CA C7 HT HK HQ DA]    , -         ,               D,     1,     2,     2,     0,     3,     0,     Spades,   0.2500,     0.0500,     0.0000,     0.2500,      0.0500,        0.0000,       0.0000, ------  ,     18461.04
[DJ CT C8 SA ST SK HT H8 DT D7]    , -         ,               D,     1,     1,     4,     1,     3,     0,      Grand,   0.0000,     0.0000,     0.0000,     0.0000,      0.0000,        0.0000,       0.0000, ------  ,     22809.02
[HJ DJ C7 S9 S7 HA HT HK H9 DK]    , -         ,              HD,     2,     1,     1,     1,     4,     1,      Grand,   0.0000,     0.0000,     0.0000,     0.0000,      0.0000,        0.0000,       0.0000, ------  ,     36528.41
[CJ DJ CA CQ C8 S8 HA H8 DQ D9]    , -         ,              CD,     2,     2,     0,     0,     3,     0,      Grand,   0.0500,     0.0500,     0.0000,     0.0000,      0.0000,        0.0000,       0.0000, ------  ,     41683.83
[CJ SJ CT CQ S8 HK H8 DA DK D9]    , -         ,              CS,     2,     1,     1,     0,     3,     0,      Grand,   0.0500,     0.0500,     0.0000,     0.0000,      0.0000,        0.0500,       0.0000, ------  ,     18145.10
[CJ CA CT CK CQ C8 SQ S8 H8 DA]    , -         ,               C,     1,     2,     1,     1,     5,     1,      Clubs,   0.3500,     0.2000,     0.3500,     0.0000,      0.0000,        0.0000,       0.0000, ------  ,     23725.39
[DJ C9 C8 SQ S9 S8 S7 HT DQ D7]    , -         ,               D,     1,     0,     1,     0,     4,     0,      Grand,   0.0000,     0.0000,     0.0000,     0.0000,      0.0000,        0.0000,       0.0000, ------  ,      4952.28
[CJ HJ DJ SA SK S9 CA CK HK DT]    , -         ,             CHD,     3,     2,     1,     0,     3,     0,     Spades,   0.5000,     0.3500,     0.3000,     0.5000,      0.4500,        0.4000,       0.0000, ------  ,     19081.67
[CJ CT CK C8 S8 S7 HA DA D9 D7]    , -         ,               C,     1,     2,     1,     0,     3,     1,      Grand,   0.0000,     0.0000,     0.0000,     0.0000,      0.0000,        0.0000,       0.0000, ------  ,     10382.28
[HJ DJ C9 C8 C7 SQ S7 H8 H7 DT]    , -         ,              HD,     2,     0,     1,     0,     3,     0,      Grand,   0.0000,     0.0000,     0.0000,     0.0000,      0.0000,        0.0000,       0.0000, ------  ,      7470.56
[HJ DJ C9 SK S9 HT HQ H9 DQ D9]    , -         ,              HD,     2,     0,     1,     0,     3,     0,      Grand,   0.0000,     0.0000,     0.0000,     0.0000,      0.0000,        0.0000,       0.0000, ------  ,     38152.39
[CJ HJ HA HT HK H8 C9 DA DQ D9]    , -         ,              CH,     2,     2,     1,     1,     4,     1,     Hearts,   1.0000,     0.8000,     0.0000,     0.0000,      1.0000,        1.0000,       0.0000, G--HD-  ,     31131.33
[CJ CK CQ C9 S7 HA H9 DA DT DK]    , -         ,               C,     1,     2,     1,     1,     3,     0,      Clubs,   0.2000,     0.1000,     0.2000,     0.0000,      0.0000,        0.0000,       0.0000, ------  ,     16392.82
[SJ CT CQ SA S9 HQ DT DQ D8 D7]    , -         ,               S,     1,     1,     2,     0,     4,     0,      Grand,   0.0000,     0.0000,     0.0000,     0.0000,      0.0000,        0.0000,       0.0000, ------  ,     27022.96
[SJ HA HK HQ H8 H7 CQ SA S9 D8]    , -         ,               S,     1,     2,     0,     0,     5,     0,     Hearts,   0.3000,     0.0500,     0.0000,     0.0000,      0.3000,        0.0000,       0.0000, ------  ,     31143.46
[CJ SJ CA CQ C9 S7 HA HT H7 D8]    , -         ,              CS,     2,     2,     1,     1,     3,     0,      Grand,   0.7500,     0.7500,     0.7000,     0.3500,      0.6500,        0.3000,       0.0000, GC----  ,     16227.82
[CT CK CQ ST SQ HA HK H9 H7 DT]    , -         ,               -,     0,     1,     3,     0,     4,     0,      Grand,   0.0000,     0.0000,     0.0000,     0.0000,      0.0000,        0.0000,       0.0000, ------  ,     10113.61
[CA C9 S9 HT HQ H8 H7 DK DQ D7]    , -         ,               -,     0,     1,     1,     0,     4,     0,      Grand,   0.0000,     0.0000,     0.0000,     0.0000,      0.0000,        0.0000,       0.0000, ------  ,     13628.81
[DJ CK CQ C9 C7 HT HK H9 DQ D8]    , -         ,               D,     1,     0,     1,     0,     4,     1,      Clubs,   0.0500,     0.0000,     0.0500,     0.0000,      0.0000,        0.0000,       0.0500, ------  ,     22687.17
[CK C9 C7 SA ST S8 S7 HT SJ DT]    , -         ,               S,     1,     1,     3,     1,     4,     0,       Null,   0.0500,     0.0000,     0.0000,     0.0000,      0.0000,        0.0000,       0.0500, ------  ,     18607.39
[C7 SQ H9 H8 H7 DA HJ D9 D8 D7]    , -         ,               H,     1,     1,     0,     0,     4,     0,       Null,   0.1000,     0.0000,     0.0000,     0.0000,      0.0000,        0.0000,       0.1000, ------  ,     16779.72
[C9 C8 S9 HQ H9 H8 H7 CJ D8 D7]    , -         ,               C,     1,     0,     0,     0,     4,     0,       Null,   0.1000,     0.0000,     0.0000,     0.0000,      0.0000,        0.0000,       0.1000, ------  ,      8880.85
[SJ CQ ST S9 S7 HT DT DK DQ D7]    , -         ,               S,     1,     0,     3,     0,     4,     1,      Grand,   0.0000,     0.0000,     0.0000,     0.0000,      0.0000,        0.0000,       0.0000, ------  ,     33330.34
[HJ CT C8 SQ S8 HA HK HQ H8 DQ]    , -         ,               H,     1,     1,     1,     0,     4,     0,      Grand,   0.0000,     0.0000,     0.0000,     0.0000,      0.0000,        0.0000,       0.0000, ------  ,     61592.90
[SJ CT CQ C8 C7 ST S8 DA DK D9]    , -         ,               S,     1,     1,     2,     0,     4,     0,      Clubs,   0.1000,     0.0000,     0.1000,     0.0000,      0.0000,        0.0000,       0.0000, ------  ,     91498.72
[CJ SJ DJ HK HQ H9 H7 C8 DT D8]    , -         ,             CSD,     3,     0,     1,     0,     4,     0,     Hearts,   0.8000,     0.1500,     0.0500,     0.0000,      0.8000,        0.3500,       0.0000, ---H--  ,     60389.09
[CA C7 ST S8 S7 HK DA DK D8 D7]    , -         ,               -,     0,     2,     1,     0,     4,     0,      Grand,   0.0000,     0.0000,     0.0000,     0.0000,      0.0000,        0.0000,       0.0000, ------  ,      8212.10
[SJ DJ DA DT DK D9 D7 CA HK H8]    , -         ,              SD,     2,     2,     1,     1,     5,     1,   Diamonds,   0.9500,     0.6500,     0.0000,     0.0000,      0.0500,        0.9500,       0.0000, ----D-  ,     78034.08
[SJ HJ DQ D7 CA CQ C9 S7 HT H7]    , -         ,              SH,     2,     1,     1,     0,     3,     0,   Diamonds,   0.0500,     0.0000,     0.0000,     0.0000,      0.0000,        0.0500,       0.0000, ------  ,     36768.12
[CQ CT C9 C8 S8 H9 DA DK D9 D7]    , -         ,               -,     0,     1,     1,     0,     4,     0,       Null,   0.1500,     0.0000,     0.0000,     0.0000,      0.0000,        0.0000,       0.1500, ------  ,     15990.16
[SJ CQ C9 SA SK S8 S7 HA DT D8]    , -         ,               S,     1,     2,     1,     0,     4,     0,      Grand,   0.0000,     0.0000,     0.0000,     0.0000,      0.0000,        0.0000,       0.0000, ------  ,     23638.56
[CJ SJ DK D9 D8 CQ C9 SA S9 H8]    , -         ,              CS,     2,     1,     0,     0,     3,     0,   Diamonds,   0.1000,     0.0000,     0.0000,     0.0000,      0.0000,        0.1000,       0.0000, ------  ,     13001.37
[HJ DJ HT HQ H9 CA CK DA DT D8]    , -         ,              HD,     2,     2,     2,     1,     3,     0,     Hearts,   0.8500,     0.4500,     0.3000,     0.0500,      0.8500,        0.3000,       0.0000, ---H--  ,     80353.68
[C8 C7 S9 S8 HA H9 H7 SJ HJ D9]    , -         ,              SH,     2,     1,     0,     0,     3,     0,       Null,   0.1000,     0.0000,     0.0000,     0.0000,      0.0000,        0.0000,       0.1000, ------  ,     21217.35
[DJ SQ S9 S8 S7 C9 HA HT HQ H8]    , -         ,               D,     1,     1,     1,     1,     4,     0,     Spades,   0.0500,     0.0000,     0.0000,     0.0500,      0.0000,        0.0000,       0.0000, ------  ,     70806.53
[SJ CA CK C8 SQ S7 HT H9 DQ D8]    , -         ,               S,     1,     1,     1,     0,     3,     0,      Grand,   0.0000,     0.0000,     0.0000,     0.0000,      0.0000,        0.0000,       0.0000, ------  ,     29368.34
[DJ CK C7 ST S9 S7 H9 H8 H7 DA]    , -         ,               D,     1,     1,     1,     0,     3,     0,      Grand,   0.0000,     0.0000,     0.0000,     0.0000,      0.0000,        0.0000,       0.0000, ------  ,      8052.03
[CJ SJ DJ CQ C9 C8 C7 S9 DA D7]    , -         ,             CSD,     3,     1,     0,     0,     4,     0,      Clubs,   1.0000,     0.2500,     1.0000,     0.0500,      0.0000,        0.3500,       0.0000, -C----  ,     21534.32
[HJ C8 ST S7 HA HK DA DK DQ D7]    , -         ,               H,     1,     2,     1,     0,     4,     0,      Grand,   0.0500,     0.0500,     0.0000,     0.0000,      0.0000,        0.0000,       0.0000, ------  ,     39465.75
[CJ HJ CK CQ C8 ST S8 HT HK H9]    , -         ,              CH,     2,     0,     2,     0,     3,     1,      Clubs,   0.1500,     0.0000,     0.1500,     0.0500,      0.1000,        0.0000,       0.0000, ------  ,     88961.50
[CJ CK C9 ST S7 HA H8 H7 DA DT]    , -         ,               C,     1,     2,     2,     1,     3,     0,      Grand,   0.3000,     0.3000,     0.2000,     0.1000,      0.0500,        0.0000,       0.0000, ------  ,      8480.92
[CT CQ C9 C8 SA SQ HQ DT D9 D7]    , -         ,               -,     0,     1,     2,     0,     4,     0,      Grand,   0.0000,     0.0000,     0.0000,     0.0000,      0.0000,        0.0000,       0.0000, ------  ,      6746.67
[CJ CQ C9 C7 SK S7 HQ H9 DQ D8]    , -         ,               C,     1,     0,     0,     0,     3,     0,      Grand,   0.0000,     0.0000,     0.0000,     0.0000,      0.0000,        0.0000,       0.0000, ------  ,      7668.33
[HA HT HK H9 CK C8 SA S7 DA DT]    , -         ,               -,     0,     3,     2,     2,     4,     1,     Hearts,   0.2000,     0.0000,     0.0500,     0.0000,      0.2000,        0.0000,       0.0000, ------  ,     10766.59
[HJ CT CQ C8 C7 SA SQ DK DQ D7]    , -         ,               H,     1,     1,     1,     0,     4,     0,      Clubs,   0.1500,     0.0000,     0.1500,     0.0000,      0.0000,        0.0000,       0.0000, ------  ,     46702.80
[CK C8 SA SQ HT H7 DA DQ D9 D7]    , -         ,               -,     0,     2,     1,     0,     4,     0,      Grand,   0.0000,     0.0000,     0.0000,     0.0000,      0.0000,        0.0000,       0.0000, ------  ,     10024.92
[CJ CA CT CQ C9 SA DT DK DQ D7]    , -         ,               C,     1,     2,     2,     1,     4,     1,      Clubs,   0.9500,     0.3500,     0.9500,     0.0000,      0.0000,        0.9500,       0.0000, -C--D-  ,     28778.30
[DJ CQ SK S9 S8 S7 H9 H8 DA DT]    , -         ,               D,     1,     1,     1,     1,     4,     0,      Grand,   0.0000,     0.0000,     0.0000,     0.0000,      0.0000,        0.0000,       0.0000, ------  ,      8806.79
[CK C8 SA SK HA HT H9 H7 DT DK]    , -         ,               -,     0,     2,     2,     1,     4,     0,      Grand,   0.0000,     0.0000,     0.0000,     0.0000,      0.0000,        0.0000,       0.0000, ------  ,      8309.73
[CJ DJ CT CQ C9 SQ S7 H7 DA D7]    , -         ,              CD,     2,     1,     1,     0,     3,     0,      Grand,   0.0000,     0.0000,     0.0000,     0.0000,      0.0000,        0.0000,       0.0000, ------  ,     34640.15
[SJ HT H7 CA C7 SA SQ S9 DA D7]    , -         ,               S,     1,     3,     1,     0,     3,     0,     Hearts,   0.1000,     0.0500,     0.0000,     0.0000,      0.1000,        0.0000,       0.0000, ------  ,     24817.80
[SJ HJ CT CK C9 ST S8 S7 HK H8]    , -         ,              SH,     2,     0,     2,     0,     3,     1,      Clubs,   0.1000,     0.0000,     0.1000,     0.0500,      0.0000,        0.0000,       0.0000, ------  ,     76169.22
[DJ C9 SA S9 S7 HA HK H8 DT D7]    , -         ,               D,     1,     2,     1,     0,     3,     0,      Grand,   0.0000,     0.0000,     0.0000,     0.0000,      0.0000,        0.0000,       0.0000, ------  ,     44223.30
[CJ HJ DJ CT CK C9 C7 ST S9 HA]    , -         ,             CHD,     3,     1,     2,     0,     4,     1,      Clubs,   1.0000,     0.8000,     1.0000,     0.8500,      0.1000,        0.0500,       0.0000, GCS---  ,     83381.06
[CQ CT SA S9 S8 S7 HA H9 H7 D7]    , -         ,               -,     0,     2,     1,     0,     4,     0,       Null,   0.0500,     0.0000,     0.0000,     0.0000,      0.0000,        0.0000,       0.0500, ------  ,      6049.96
[C9 C8 SQ S9 S7 HT H8 H7 DK D8]    , -         ,               -,     0,     0,     1,     0,     3,     0,      Grand,   0.0000,     0.0000,     0.0000,     0.0000,      0.0000,        0.0000,       0.0000, ------  ,      1477.45
[CJ SJ DJ DQ D8 CT C8 ST HA HT]    , -         ,             CSD,     3,     1,     3,     1,     2,     0,   Diamonds,   0.9000,     0.2000,     0.7000,     0.3500,      0.0500,        0.9000,       0.0000, -C--D-  ,     12037.39
[SJ HJ DJ S9 S7 CT HA HK HQ D7]    , -         ,             SHD,     3,     1,     1,     0,     3,     0,     Spades,   0.1500,     0.0000,     0.0000,     0.1500,      0.0500,        0.0000,       0.0000, ------  ,     28916.90
[DJ CQ C8 C7 SA HT HQ H9 H7 DK]    , -         ,               D,     1,     1,     1,     0,     4,     0,      Grand,   0.0000,     0.0000,     0.0000,     0.0000,      0.0000,        0.0000,       0.0000, ------  ,     21770.25
[SJ CK C9 C7 ST SK HA H9 DK D7]    , -         ,               S,     1,     1,     1,     0,     3,     0,      Grand,   0.0000,     0.0000,     0.0000,     0.0000,      0.0000,        0.0000,       0.0000, ------  ,     14403.39
[SJ HJ DJ DK DQ D9 CK CQ HA HQ]    , -         ,             SHD,     3,     1,     0,     0,     3,     0,   Diamonds,   0.4500,     0.0000,     0.2000,     0.0000,      0.1000,        0.4500,       0.0000, ------  ,     43841.63
[DJ CT C9 SK S9 S8 S7 H8 H7 D8]    , -         ,               D,     1,     0,     1,     0,     4,     0,      Grand,   0.0000,     0.0000,     0.0000,     0.0000,      0.0000,        0.0000,       0.0000, ------  ,     12416.23
[SJ HJ CQ S9 S8 S7 HQ DT DK D9]    , -         ,              SH,     2,     0,     1,     0,     3,     1,      Grand,   0.0000,     0.0000,     0.0000,     0.0000,      0.0000,        0.0000,       0.0000, ------  ,     13395.47
[HJ C9 C8 SK S9 S8 H9 H8 H7 DK]    , -         ,               H,     1,     0,     0,     0,     3,     0,      Grand,   0.0000,     0.0000,     0.0000,     0.0000,      0.0000,        0.0000,       0.0000, ------  ,      4288.90
[DJ CA CQ C9 C7 SA ST SK D8 D7]    , -         ,               D,     1,     2,     1,     1,     4,     0,      Clubs,   0.0500,     0.0000,     0.0500,     0.0000,      0.0000,        0.0000,       0.0000, ------  ,     36709.80
[CJ CT CK C8 SQ S7 HQ DT DK D8]    , -         ,               C,     1,     0,     2,     0,     3,     2,      Grand,   0.0000,     0.0000,     0.0000,     0.0000,      0.0000,        0.0000,       0.0000, ------  ,     21426.78
[SJ CT C9 C8 C7 SA S8 S7 HA D9]    , -         ,               S,     1,     2,     1,     0,     4,     0,      Clubs,   0.5000,     0.1000,     0.5000,     0.1500,      0.0500,        0.1000,       0.0000, ------  ,     21606.53
[CA CQ C8 SQ S7 HQ DA DK D9 D7]    , -         ,               -,     0,     2,     0,     0,     4,     0,      Grand,   0.0000,     0.0000,     0.0000,     0.0000,      0.0000,        0.0000,       0.0000, ------  ,     15324.39
[CJ HJ DA DK D8 D7 CA C8 C7 S7]    , -         ,              CH,     2,     2,     0,     0,     4,     0,   Diamonds,   0.9000,     0.5500,     0.6000,     0.1000,      0.0000,        0.9000,       0.0000, ----D-  ,     44046.14
[CA CT CK CQ C8 SQ HA H9 H8 D7]    , -         ,               -,     0,     2,     1,     1,     5,     1,      Grand,   0.0000,     0.0000,     0.0000,     0.0000,      0.0000,        0.0000,       0.0000, ------  ,     22613.92
[SJ HJ HQ H9 H7 CK C8 SA ST SK]    , -         ,              SH,     2,     1,     1,     1,     3,     0,     Hearts,   0.5000,     0.0500,     0.0000,     0.0000,      0.5000,        0.0000,       0.0000, ------  ,     31681.03
[SJ DJ DA DT D9 D7 CA C9 C7 HK]    , -         ,              SD,     2,     2,     1,     1,     4,     0,   Diamonds,   0.8000,     0.6000,     0.6500,     0.0000,      0.0500,        0.8000,       0.0000, ----D-  ,     41478.24
[CQ SQ S7 HA HT HK H8 DA DQ D7]    , -         ,               -,     0,     2,     1,     1,     4,     1,      Grand,   0.0000,     0.0000,     0.0000,     0.0000,      0.0000,        0.0000,       0.0000, ------  ,      9260.92
[C9 C8 C7 SK S7 HK HQ H8 H7 HJ]    , -         ,               H,     1,     0,     0,     0,     4,     0,       Null,   0.3000,     0.0000,     0.0000,     0.0000,      0.0000,        0.0000,       0.3000, ------  ,     10156.77
[CJ DJ CK CQ ST SK HK H8 DA D9]    , -         ,              CD,     2,     1,     1,     0,     2,     0,      Grand,   0.1000,     0.1000,     0.0500,     0.0000,      0.0000,        0.0000,       0.0000, ------  ,     19677.74
[SJ DJ HT HK H8 CA CT CQ SK DA]    , -         ,              SD,     2,     2,     2,     1,     3,     1,     Hearts,   0.7000,     0.4000,     0.4000,     0.0000,      0.7000,        0.0000,       0.0000, ---H--  ,     44375.64
[D8 CA C8 SA SK SQ HA H9 H8 H7]    , -         ,               -,     0,     3,     0,     0,     4,     0,   Diamonds,   0.1000,     0.0500,     0.0000,     0.0000,      0.0000,        0.1000,       0.0000, ------  ,     17025.79
[HJ DA DT DK D7 CT CQ C8 SK S7]    , -         ,               H,     1,     1,     2,     1,     4,     1,   Diamonds,   0.0500,     0.0000,     0.0000,     0.0000,      0.0000,        0.0500,       0.0000, ------  ,     67509.82
[HJ CA CQ C7 SA SK HT HQ H7 DQ]    , -         ,               H,     1,     2,     1,     0,     3,     0,      Grand,   0.0500,     0.0500,     0.0000,     0.0000,      0.0500,        0.0000,       0.0000, ------  ,     38952.93
[CT C9 ST SK SQ HQ H8 DT DQ D8]    , -         ,               -,     0,     0,     3,     0,     3,     0,      Grand,   0.0000,     0.0000,     0.0000,     0.0000,      0.0000,        0.0000,       0.0000, ------  ,      3862.30
[C8 ST S8 S7 HK HT DQ SJ D8 D7]    , -         ,               S,     1,     0,     2,     0,     3,     0,       Null,   0.0500,     0.0000,     0.0000,     0.0000,      0.0000,        0.0000,       0.0500, ------  ,     21081.74
[HJ CT C9 C8 ST HT HK H9 DT DQ]    , -         ,               H,     1,     0,     4,     0,     3,     1,      Grand,   0.0000,     0.0000,     0.0000,     0.0000,      0.0000,        0.0000,       0.0000, ------  ,     20019.62
[HJ C9 C7 SA SQ S8 HK H7 DQ D8]    , -         ,               H,     1,     1,     0,     0,     3,     0,      Grand,   0.0000,     0.0000,     0.0000,     0.0000,      0.0000,        0.0000,       0.0000, ------  ,     16275.55
[SJ DJ CA C9 SQ H9 H8 DA DK D7]    , -         ,              SD,     2,     2,     0,     0,     3,     0,      Grand,   0.0500,     0.0500,     0.0000,     0.0000,      0.0000,        0.0000,       0.0000, ------  ,     40558.16
[C8 SA SK SQ S8 HK DA DT DQ D7]    , -         ,               -,     0,     2,     1,     1,     4,     0,      Grand,   0.0000,     0.0000,     0.0000,     0.0000,      0.0000,        0.0000,       0.0000, ------  ,     19582.58
