Cards,JacksMask,TrumpCount,Aces,Tens,AttachedTens,TenKingSmall,SkatFulls,SkatCards,SkatPoints,WinProb
[HJ CQ C9 SA SK S7 HK DA DQ D8],H,3,2,0,0,0,0,[HA H9],11,0.0000
[HJ CA SA S9 HK H8 H7 DT DQ D9],H,2,1,1,0,0,0,[C7 DA],11,0.0000
[C9 C8 C7 SK SQ S7 HA H9 H7 DA],-,3,2,0,0,0,0,[CK HT],14,0.0000
[SJ CQ C8 SA S9 HA HQ H7 DA D8],S,3,3,0,0,0,0,[SK D7],4,0.0100
[CK CQ SK SQ S9 HA HT HK DA DQ],-,2,2,1,1,0,0,[HJ C8],2,0.0000
[SJ HJ CA CK CQ C9 SQ HQ H8 DK],SH,6,0,0,0,0,0,[S9 D9],0,0.0100
[HJ DJ CA CK CQ C7 SA SK SQ D9],HD,6,1,0,0,0,0,[CJ D8],2,0.5000
[CJ DJ CA CK SA ST S8 HT DA DQ],CD,4,2,2,1,0,0,[SK DT],14,0.1700
[SJ DJ CA CK HK HQ H9 H8 D9 D8],SD,4,0,0,0,0,0,[CQ HT],13,0.0000
[HJ DJ CA CQ ST SK HA HT HQ D7],HD,4,1,2,1,0,0,[DK DQ],7,0.0500
[CA CT CK C9 C8 SA SQ DA DT D9],-,5,2,1,1,0,0,[S8 H9],0,0.5700
[DJ CA CQ SK SQ S7 HQ DT D9 D8],D,3,0,1,0,0,0,[H9 H7],0,0.0000
[CJ SJ CT CQ S9 S8 HT HQ H8 DT],CS,4,0,2,0,0,0,[SQ H9],3,0.0000
[SJ CQ C9 C7 S7 HA H8 H7 DA DT],S,4,2,1,1,0,0,[CT HK],14,0.0000
[CJ HJ C9 C8 SA HQ H9 DQ D9 D8],CH,4,1,0,0,0,0,[HT DA],21,0.0000
[HJ DJ CT CK SA SQ S8 HK DA DQ],HD,4,2,0,0,0,0,[H8 DK],4,0.0100
[CT CQ C7 HK HQ H9 H7 DK DQ D8],-,3,0,0,0,0,0,[ST H8],10,0.0000
[HJ CQ C7 SA SQ HA HK H7 DT DK],H,3,2,1,0,0,0,[S7 HQ],3,0.0000
[HJ DJ CA CQ C9 S9 HT DT D9 D8],HD,5,0,2,0,0,0,[SJ HK],6,0.0000
[SJ DJ CT C7 SA ST SQ S9 H9 D9],SD,4,1,1,1,0,0,[CJ CQ],5,0.0200
[CJ CK SQ S8 HA HK DT DK D8 D7],C,2,1,1,0,1,0,[SA DQ],14,0.0000
[CJ SJ DJ CK C8 SA HA H8 DA D7],CSD,5,3,0,0,0,0,[H9 D9],0,0.9600
[CJ DJ CA CK CQ ST S8 HA HK H8],CD,5,1,1,0,0,0,[HJ SK],6,0.1400
[CJ DJ CA C9 C8 C7 SA SK S8 H9],CD,6,1,0,0,0,0,[SQ HA],14,0.6500
[CK C9 ST SK SQ S8 H9 H8 DA D7],-,2,1,1,0,1,0,[CQ HA],14,0.0000
[SJ DJ C7 ST SQ HA H7 DA DK D8],SD,3,2,1,0,0,0,[CT DT],20,0.0000
[CJ CT CK SA S9 HA HT DT D9 D8],C,3,2,2,1,0,0,[ST SK],14,0.0000
[CJ DJ CT CK ST SK HK H7 D9 D7],CD,4,0,1,0,0,0,[CQ C8],3,0.0000
[CJ SJ CT CQ C7 S8 H7 DA DK D7],CS,5,1,0,0,0,0,[ST SQ],13,0.1300
[CJ CA C9 SK S9 HT H8 DQ D9 D8],C,3,0,1,0,0,0,[S8 H7],0,0.0000
[CA CQ S9 HA HT HQ H7 D9 D8 D7],-,2,1,1,1,0,0,[S7 DQ],3,0.0000
[CJ CT C9 C8 SQ HK HQ H7 DA D9],C,4,1,0,0,0,0,[CQ DQ],6,0.0000
[HJ CK C8 SA SK SQ HT HK H8 D9],H,3,1,1,0,1,0,[DA D8],11,0.0000
[DJ CT C7 SK HT HQ H9 DA DQ D7],D,3,1,1,0,0,0,[CJ D8],2,0.0000
[SJ CT C9 ST S7 HK HQ DA DK D9],S,3,1,1,0,0,0,[CQ H9],3,0.0000
[SJ CK CQ C9 ST H9 DT DQ D9 D7],S,4,0,2,0,0,0,[H8 D8],0,0.0000
[CK CQ S9 HT HQ H8 H7 DQ D9 D7],-,2,0,1,0,0,0,[HJ CT],12,0.0000
[SJ HJ CA CK C9 SK S8 HT DK D9],SH,5,0,1,0,0,0,[CJ DJ],4,0.0000
[C7 SA SK S7 HA HK H8 DA DT DK],-,1,3,1,1,0,0,[HJ ST],12,0.0900
[CJ CA C7 SQ S8 S7 H9 DA DQ D7],C,3,1,0,0,0,0,[CK DK],8,0.0000
[CJ CT CQ HT HQ H9 H7 DT DQ D8],C,3,0,2,0,0,0,[SJ HJ],4,0.0000
[SJ HJ C9 C8 S7 HK H7 DA DT D9],SH,4,1,1,1,0,0,[DJ DQ],5,0.0000
[CJ DJ C7 SQ S7 HQ H8 D9 D8 D7],CD,3,0,0,0,0,0,[CA SK],15,0.0000
[CJ C9 SA SK S7 HA HT HQ H7 DT],C,2,2,2,1,0,0,[DJ CA],13,0.0000
[CT CK C9 C7 SK SQ S9 S8 S7 DA],-,4,1,0,0,0,0,[H9 D7],0,0.0000
[CK C9 C8 C7 S7 HT H7 DQ D8 D7],-,4,0,1,0,0,0,[SJ SK],6,0.0000
[CJ CT CQ C9 C7 ST HA HK H8 D8],C,5,1,1,0,0,0,[SQ DK],7,0.0200
[CT CK SA S9 HA HT HQ H8 DA DQ],-,2,3,1,1,0,0,[CQ DK],7,0.0000
[DJ CK SK SQ S9 S8 HA HT H8 H7],D,2,1,1,1,0,0,[SA D9],11,0.0000
[CJ SJ HJ DJ CA C7 HK H8 DT D7],CSHD,6,0,1,0,0,0,[S8 DK],4,0.4000
[SJ HJ CA CT CK CQ C7 S8 H8 DA],SH,7,1,0,0,0,0,[S7 DK],4,0.8600
[CJ CK CQ SA ST SK S9 S7 H8 DA],C,3,2,1,1,1,0,[C8 DT],10,0.0000
[CJ DJ CK C9 S9 HK HQ H9 H8 DK],CD,4,0,0,0,0,0,[SJ S8],2,0.0000
[CA C8 SA SQ S7 H9 H8 H7 D9 D8],-,2,1,0,0,0,0,[CT S8],10,0.0000
[SJ CK C9 C8 C7 SA S8 HA DQ D7],S,5,2,0,0,0,0,[CT D8],10,0.0000
[CJ CK CQ C9 ST S9 S8 HT DA DQ],C,4,1,2,0,0,0,[D8 D7],0,0.0000
[SJ DJ S9 S8 S7 HT DT DQ D8 D7],SD,2,0,2,0,0,0,[C8 D9],0,0.0000
[HJ CT CK C8 SQ S7 HT H9 DA D7],H,4,1,1,0,0,0,[DJ C7],2,0.0000
[DJ C7 ST SQ S9 HA HK H9 D9 D7],D,2,1,1,0,0,0,[SA H8],11,0.0000
[CJ SJ CK C8 C7 SA SQ S8 HA HT],CS,5,2,1,1,0,0,[C9 D7],0,0.8500
[CJ CA CT C7 S9 S7 HT H8 D8 D7],C,4,0,1,0,0,0,[C9 DA],11,0.0000
[SJ C9 SK SQ S8 HA DA DK DQ D7],S,2,2,0,0,0,0,[HK H7],4,0.0000
[CJ CT CQ C7 SA ST SQ S9 HQ H8],C,4,1,1,1,0,0,[HK H7],4,0.0000
[SJ CA CQ C8 S8 S7 HA HQ H7 DT],S,4,1,1,0,0,0,[CJ H8],2,0.0000
[SJ DJ CT CK S9 HQ H8 H7 DK D9],SD,4,0,0,0,0,0,[HA DA],22,0.0000
[CJ SJ DJ SQ S7 HT H9 DT DK D8],CSD,3,0,2,0,1,0,[C7 ST],10,0.0000
[SJ CA CQ C9 SK HA HT DA DQ D9],S,4,2,1,1,0,0,[S7 H7],0,0.0500
[HJ DJ CA SA SK S8 H8 DQ D8 D7],HD,3,1,0,0,0,0,[ST S9],10,0.0000
[SJ DJ CA C8 SQ S8 HT HK DQ D9],SD,4,0,1,0,0,0,[CK S7],4,0.0000
[CJ DJ CA CT C9 SQ HQ D9 D8 D7],CD,5,0,0,0,0,0,[CK H9],4,0.0000
[SJ CA CQ SA SK S8 HT HQ H8 DA],S,3,2,1,0,0,0,[CK DK],8,0.0000
[SJ CA CT C9 C7 SK HT HK H9 DA],S,5,1,1,0,1,0,[D9 D7],0,0.0400
[SJ HJ CA CT CQ C9 S8 HT HQ H9],SH,6,0,1,0,0,0,[D9 D7],0,0.2800
[CJ SJ DJ CT CQ SQ S8 S7 H9 D9],CSD,5,0,0,0,0,0,[HJ S9],2,0.0100
[SJ CT CK CQ SA SK SQ HK H7 D7],S,4,1,0,0,0,0,[C7 D8],0,0.0000
[CJ DJ C9 C7 SA S9 HK HQ H8 DQ],CD,4,1,0,0,0,0,[CQ DA],14,0.0000
[SJ C9 ST HA HK H9 H7 DA D9 D8],S,2,2,1,0,0,0,[CT SA],21,0.0000
[HJ CA CQ SQ S8 HT HQ H8 DA DQ],H,3,1,1,0,0,0,[C9 H9],0,0.0000
[CA CQ C8 SK SQ HQ H8 DT DK D8],-,3,0,1,0,1,0,[DJ S7],2,0.0000
[CJ HJ CQ C8 C7 ST SQ S9 DT D8],CH,5,0,2,0,0,0,[CT D7],10,0.0000
[C8 C7 SA S8 S7 HA HT HK H9 D7],-,2,2,1,1,1,0,[DJ DT],12,0.0000
[SJ CA C8 ST S7 HQ H9 H8 DA DT],S,3,1,2,1,0,0,[DJ CK],6,0.0000
[CJ SJ C8 C7 SA ST S8 HT DK D7],CS,4,1,2,1,0,0,[CA SQ],14,0.0100
[CJ CA CQ C7 ST SK SQ S7 HA DK],C,4,1,1,0,1,0,[SA H9],11,0.0300
[SJ DJ CA C8 SA ST SQ S8 DA DQ],SD,4,2,1,1,0,0,[HT H9],10,0.3300
[CJ SJ CT CK CQ C9 C8 SA HA D7],CS,7,2,0,0,0,0,[C7 DK],4,0.9800
[CJ CT CK CQ C7 ST SQ S8 DT D9],C,5,0,2,0,0,0,[S7 DK],4,0.0100
[DJ CA CK C7 SK S8 HT H9 DT DQ],D,4,0,2,0,0,0,[SQ H8],3,0.0000
[CJ CA S9 S7 H7 DA DK DQ D9 D8],C,2,1,0,0,0,0,[C9 HK],4,0.0000
[SJ CT C9 SA SK SQ S7 H9 DA D9],S,3,2,0,0,0,0,[H8 DQ],3,0.0000
[SJ DJ CK C9 C8 SA H8 H7 D9 D7],SD,5,1,0,0,0,0,[CA DA],22,0.0000
[CQ C9 SA SQ S9 S7 HK HQ H9 D9],-,2,1,0,0,0,0,[HJ C7],2,0.0000
[HJ CT SA S8 HA HK H9 H8 DT DK],H,2,2,1,0,0,0,[SJ S7],2,0.0000
[CJ DJ CQ ST SK HT HK DK DQ D8],CD,3,0,2,0,0,0,[HJ S7],2,0.0000
[CJ C9 C7 S9 S8 HA H8 DA DT D8],C,3,2,1,1,0,0,[CQ ST],13,0.0100
[HJ CQ S9 HA HK H7 DA DK DQ D9],H,2,2,0,0,0,0,[SJ DT],12,0.0000
[CJ SJ HJ CA C7 S8 S7 H7 DT D8],CSH,5,0,1,0,0,0,[S9 DK],4,0.0200
[CJ SJ CK S9 HA HT HQ H8 DQ D9],CS,3,1,1,1,0,0,[H9 D7],0,0.0000
[SJ C9 C7 SA SK S7 HA HQ H9 H7],S,3,2,0,0,0,0,[CA HK],15,0.0000
[CJ CA CK C8 C7 SQ HK DK DQ D7],C,5,0,0,0,0,0,[H7 D9],0,0.0000
[SJ CT CK C8 ST SK S7 HT HQ DQ],S,4,0,2,0,1,0,[DT D9],10,0.0000
[CJ CA C9 C8 SK S9 S7 HA HT D7],C,4,1,1,1,0,0,[DA D9],11,0.0000
[SJ CT CK C8 SK HA HK DA DT D9],S,4,2,1,1,0,0,[C9 HT],10,0.0700
[SJ ST SK SQ HK H9 H8 H7 DT D8],S,1,0,2,0,0,0,[CK SA],15,0.0000
[HJ CK CQ SA ST SK S7 HK HQ H9],H,3,1,1,1,1,0,[CA C7],11,0.0000
[CJ SJ ST SQ S8 HT DT DQ D8 D7],CS,2,0,3,0,0,0,[S9 HK],4,0.0000
[C9 C7 SA ST SK HK HQ H7 DA D8],-,2,2,1,1,0,0,[CQ D7],3,0.0000
[CJ CK C7 SQ S8 HA H9 DT DK D9],C,3,1,1,0,1,0,[HJ ST],12,0.0000
[CT C9 C8 SK SQ S8 HK H9 H7 DA],-,3,1,0,0,0,0,[C7 DK],4,0.0000
[HJ DJ CA CT SQ H8 DA DT DK DQ],HD,4,1,1,1,0,0,[CQ S9],3,0.0700
[DJ S9 HA HK HQ DA DK DQ D8 D7],D,1,2,0,0,0,0,[S8 H7],0,0.0000
[CA CT SK S8 HQ H8 DT DQ D9 D8],-,2,0,1,0,0,0,[CJ D7],2,0.0000
[SJ CQ C7 SA HT HQ H9 DQ D8 D7],S,3,1,1,0,0,0,[S9 S8],0,0.0000
[CA CQ C8 C7 SA S9 S7 HA HK DK],-,4,2,0,0,0,0,[H7 DQ],3,0.0000
[SJ C9 ST SK H9 H8 H7 D9 D8 D7],S,2,0,1,0,0,0,[SQ S9],3,0.0000
[CJ SJ C8 C7 SA SK H9 DT DQ D9],CS,4,1,1,0,0,0,[CT ST],20,0.0000
[HJ DJ CA C8 C7 SA HT HK D8 D7],HD,5,1,1,0,0,0,[H9 DK],4,0.0000
[HJ DJ CA CK CQ C8 SK HA H8 D9],HD,6,1,0,0,0,0,[ST DA],21,0.0400
[HJ DJ CQ SQ S9 S8 H9 H7 DA DT],HD,3,1,1,1,0,0,[S7 D7],0,0.0000
[SJ CQ ST SQ S9 HK H7 DA DT D8],S,2,1,2,1,0,0,[C9 S7],0,0.0000
[CJ SJ CA CK C9 SK SQ HK D8 D7],CS,5,0,0,0,0,0,[H9 DK],4,0.0000
[CJ SJ CA CK C8 S9 HA HQ H8 D7],CS,5,1,0,0,0,0,[HT DA],21,0.1700
[CJ CA C8 C7 SQ S8 HA DT DK D9],C,4,1,1,0,1,0,[SJ H7],2,0.0000
[SK S9 HK H9 H7 DA DT DK D9 D8],-,0,1,1,1,1,0,[C7 DQ],3,0.0000
[SJ CK CQ C7 SA S9 H7 DT DK D9],S,4,1,1,0,1,0,[HJ SK],6,0.0000
[CJ SJ CT C8 C7 SA S9 H8 DK D8],CS,5,1,0,0,0,0,[CA H7],11,0.0100
[SJ HJ CQ C7 SK S7 HA HK DQ D7],SH,4,1,0,0,0,0,[CK DT],14,0.0000
[CJ C7 SA SQ S7 HA HK H9 D9 D8],C,2,2,0,0,0,0,[SJ DQ],5,0.0000
[CJ DJ C8 C7 S9 S7 H7 DQ D9 D8],CD,4,0,0,0,0,0,[CK HT],14,0.0000
[CJ CK C7 SA S7 HA HQ H7 DK D9],C,3,2,0,0,0,0,[DA D8],11,0.0000
[DJ CA ST SK S8 S7 HA HK DA DT],D,2,2,2,1,1,0,[HJ HQ],5,0.0000
[SJ CT C9 SA S8 HK H8 DK DQ D9],S,3,1,0,0,0,0,[C7 D7],0,0.0000
[DJ CA CT CK CQ HT HK HQ H9 DT],D,5,0,2,0,1,0,[H7 DK],4,0.0400
[SJ CA CT C9 SK HA H8 DA DQ D7],S,4,2,0,0,0,0,[DJ DK],6,0.0200
[CJ SJ SA ST HT HK H9 DA D9 D7],CS,2,2,2,1,1,0,[C9 DT],10,0.0500
[CA CT C9 SA S7 H9 H7 DA DT D9],-,3,2,1,1,0,0,[SK HQ],7,0.0000
[DJ C7 ST SK HQ H7 DA DQ D9 D7],D,2,1,1,0,0,0,[CJ D8],2,0.0000
[CJ HJ CT C9 SQ S7 H9 DQ D9 D7],CH,4,0,0,0,0,0,[CA CQ],14,0.0000
[CT C9 C7 SQ S7 HA DA DT DK D8],-,3,2,1,1,1,0,[HJ HK],6,0.0000
[CT C9 C7 SK SQ S7 HT H8 H7 DK],-,3,0,1,0,0,0,[CJ D7],2,0.0000
[HJ DJ CT CQ C9 SA SQ HA H7 D9],HD,5,2,0,0,0,0,[DT DQ],13,0.0400
[CJ HJ DJ CK SQ S9 S8 S7 HT D9],CHD,4,0,1,0,0,0,[SJ CT],12,0.0000
[CK C8 SA SQ HT HQ H9 H8 DA DK],-,2,2,1,0,0,0,[CT DQ],13,0.0000
[CJ C7 SQ HA HT H8 DT DK DQ D8],C,2,1,2,1,1,0,[CA SK],15,0.0000
[SJ CT CK CQ C9 SA SQ HA HQ H7],S,5,2,0,0,0,0,[C7 H9],0,0.2600
[DJ C9 C7 SA S9 HT H8 H7 DQ D9],D,3,1,1,0,0,0,[HJ HK],6,0.0000
[SJ HJ DJ SA HA HK H8 H7 DQ D8],SHD,3,2,0,0,0,0,[CQ D9],3,0.0100
[DJ CT C7 ST SQ S8 HA DA DT D9],D,3,2,2,1,0,0,[CK S7],4,0.0000
[CJ CK SA SQ S8 HA H8 DA DT DQ],C,2,3,1,1,0,0,[DJ C8],2,0.0700
[HJ CA CQ C7 SA HQ H9 H7 D9 D8],H,4,1,0,0,0,0,[CK ST],14,0.0000
[SJ SK S9 S7 HA HQ H8 DK D8 D7],S,1,1,0,0,0,0,[C8 H9],0,0.0000
[SJ CT C9 C7 ST HT H9 H7 DA DQ],S,4,1,2,0,0,0,[DJ D9],2,0.0000
[CJ C7 SA SK S9 S8 HA HT H9 DK],C,2,2,1,1,0,0,[CT H7],10,0.0200
[DJ CK SQ S9 S7 HK HQ H9 DQ D8],D,2,0,0,0,0,0,[SJ H7],2,0.0000
[DJ CA C9 ST SQ HK H7 D9 D8 D7],D,3,0,1,0,0,0,[C8 S9],0,0.0000
[SJ DJ S9 HT HK HQ DA DK D9 D8],SD,2,1,1,0,0,0,[S7 D7],0,0.0000
[CA SA ST SQ S9 HK HQ H8 DT D7],-,1,1,2,1,0,0,[S8 HA],11,0.0000
[CJ CK C7 SQ S9 S8 HT HK H8 D9],C,3,0,1,0,1,0,[CT S7],10,0.0000
[SJ HJ DJ S8 S7 HQ H9 H8 D8 D7],SHD,3,0,0,0,0,0,[CQ HT],13,0.0000
[CK SQ S8 HA HQ H8 DA DT D9 D7],-,1,2,1,1,0,0,[HJ D8],2,0.0000
[DJ CK C7 SK SQ S9 S8 S7 DQ D9],D,3,0,0,0,0,0,[CJ H8],2,0.0000
[HJ DJ CT CQ C7 ST S7 HT HK DT],HD,5,0,3,0,0,0,[HA H7],11,0.0000
[SJ HJ CQ C7 S8 HA H9 DA DK D7],SH,4,2,0,0,0,0,[SQ H8],3,0.0000
[DJ CQ ST SK S8 HQ H8 H7 DT D8],D,2,0,2,0,1,0,[HJ CK],6,0.0000
[CJ DJ CA ST S9 HT H9 DA DK D7],CD,3,1,2,0,0,0,[C9 SQ],3,0.0000
[CJ DJ CT CK CQ S9 HT HK DA D9],CD,5,1,1,0,0,0,[SA HA],22,0.0100
[HJ CA SA ST S7 HK DA DK D8 D7],H,2,2,1,1,0,0,[C7 SQ],3,0.0000
[HJ DJ CT C7 SK SQ S7 HQ H8 D7],HD,4,0,0,0,0,0,[C8 S9],0,0.0000
[CJ CA C9 C7 ST SK S9 H7 DA DK],C,4,1,1,0,1,0,[SA HK],15,0.0100
[CJ HJ CA C7 SA ST SQ HA HT H8],CH,4,2,2,2,0,0,[CT D8],10,0.7200
[DJ CK C8 C7 SQ S8 H9 H8 DT D7],D,4,0,1,0,0,0,[HJ D8],2,0.0000
[CJ CA CT CK CQ ST S8 HT DT D9],C,5,0,3,0,0,0,[DK DQ],7,0.0000
[CT CQ C8 HA HK HQ H8 H7 DA D8],-,3,2,0,0,0,0,[SQ H9],3,0.0000
[DJ CA CT C8 ST SK HQ DT DQ D7],D,4,0,2,0,0,0,[SJ DA],13,0.0000
[SJ SA ST SK HA HK H9 DT D9 D7],S,1,2,2,1,0,0,[CJ C7],2,0.0000
[CJ SJ CK C7 SA S8 S7 HQ DT DK],CS,4,1,1,0,0,0,[C9 SK],4,0.0100
[HJ C8 ST SQ S9 S7 HQ H9 H7 DQ],H,2,0,1,0,0,0,[CT H8],10,0.0000
[CJ SJ HJ CA CK SA SQ S8 HA D8],CSH,5,2,0,0,0,0,[DJ HT],12,0.9500
[CT CK SQ S9 S8 S7 H8 H7 DK DQ],-,2,0,0,0,0,0,[DT D8],10,0.0000
[SJ CQ C8 SA S7 HQ H9 H8 DQ D8],S,3,1,0,0,0,0,[CA DK],15,0.0000
[CJ SJ DJ CA CT CQ C7 SA ST S7],CSD,7,1,1,1,0,0,[C9 HK],4,1.0000
[CA CK CQ C9 SQ HA H8 DA D9 D8],-,4,2,0,0,0,0,[CJ C7],2,0.0000
[CJ CQ C7 ST S9 HT HK H8 DA D8],C,3,1,2,0,1,0,[CT SA],21,0.0000
[CJ SJ DJ CT C7 S8 HA DT DQ D8],CSD,5,1,1,0,0,0,[ST H7],10,0.4500
[DJ CA CK C9 C8 C7 HT HQ DA D8],D,6,1,1,0,0,0,[HJ D7],2,0.0600
[CJ DJ CA CK C8 HT DA DT DQ D7],CD,5,1,2,1,0,0,[S8 HA],11,0.5800
[C8 HT HQ H9 H8 H7 DA DK D8 D7],-,1,1,1,0,0,0,[SK D9],4,0.0000
[CJ HJ CQ SA ST SK HT H9 H8 DQ],CH,3,1,2,1,0,0,[CA D9],11,0.0000
[HJ CQ SK SQ HA H9 H8 DA DQ D7],H,2,2,0,0,0,0,[C9 D8],0,0.0000
[SJ HJ DJ CA SK HA HT H9 H7 D9],SHD,4,1,1,1,0,0,[CQ S8],3,0.1300
[HJ CK C8 S7 HA HK H8 D9 D8 D7],H,3,1,0,0,0,0,[SA H7],11,0.0000
[CA CT C8 C7 S7 HK DQ D9 D8 D7],-,4,0,0,0,0,0,[SQ H8],3,0.0000
[CA CK SA ST S9 S7 HK H7 DQ D9],-,2,1,1,1,0,0,[SJ CT],12,0.0000
[CT CK C9 C8 ST S8 HA HT HQ DQ],-,4,1,2,1,0,0,[SK H9],4,0.0000
[CJ SJ CT CQ SK S9 S7 H9 D9 D8],CS,4,0,0,0,0,0,[C7 DK],4,0.0000
[CJ SJ CQ C9 C8 C7 SA S7 DA DT],CS,6,2,1,1,0,0,[HJ D9],2,0.9800
[DJ CT C7 SA ST SQ DA DQ D9 D8],D,3,2,1,1,0,0,[H9 H7],0,0.0000
[HJ CA CQ S9 S7 H8 H7 DA DQ D7],H,3,1,0,0,0,0,[CT HK],14,0.0000
[CK C9 C7 SK S8 S7 HK DT D8 D7],-,3,0,1,0,0,0,[CT D9],10,0.0000
[SJ HJ CA C9 S9 S8 HT H8 DT DK],SH,4,0,2,0,0,0,[SQ H7],3,0.0000
[CJ DJ CA C9 SA SQ S8 H7 DA DT],CD,4,2,1,1,0,0,[SK DK],8,0.4500
[CJ HJ C9 C7 SK SQ S7 HQ H7 D9],CH,4,0,0,0,0,0,[S9 HT],10,0.0000
[CT ST SK SQ S7 HK H7 DA DQ D9],-,1,1,1,0,1,0,[CQ S8],3,0.0000
[HJ C9 C8 SA SQ HA HT HQ DA D9],H,3,3,1,1,0,0,[CQ ST],13,0.0400
[HJ DJ CA CK ST SK SQ HK H9 DA],HD,4,1,1,0,0,0,[CJ C8],2,0.0100
[CJ HJ CA CK C8 SK SQ S8 S7 HK],CH,5,0,0,0,0,0,[HA DA],22,0.0400
[CJ CT CK C8 ST SQ S7 HT HK HQ],C,4,0,2,0,0,0,[SJ D7],2,0.0000
[CJ SJ SA HT H9 DA DK D9 D8 D7],CS,2,2,1,0,0,0,[SQ HA],14,0.0000
[HJ DJ CT C8 C7 ST SK S7 HQ H9],HD,5,0,1,0,1,0,[S9 H7],0,0.0000
[CJ HJ CK C8 S8 S7 HK H9 DA DQ],CH,4,1,0,0,0,0,[HT D7],10,0.0000
[HJ DJ CT CQ C8 C7 ST HT D9 D7],HD,6,0,2,0,0,0,[CK HQ],7,0.0000
[DJ C9 SA ST SQ S9 H9 H7 DA D9],D,2,2,1,1,0,0,[C7 S8],0,0.0000
[CJ SJ CA CK C8 S8 HK H8 H7 DQ],CS,5,0,0,0,0,0,[HJ DT],12,0.0100
[CJ SJ DJ CK SK S9 HQ H7 DT DQ],CSD,4,0,1,0,0,0,[SQ HA],14,0.0000
[SJ DJ CA CT CQ C7 SK S9 S8 H9],SD,6,0,0,0,0,0,[DA D9],11,0.1100
[HJ C8 SA S8 HA HT HK H8 DK D9],H,2,2,1,1,1,0,[SJ CK],6,0.0000
[CA C9 C8 ST S9 HT HK H8 DT D7],-,3,0,3,0,1,0,[CQ DK],7,0.0000
[CJ DJ CK SK SQ H7 DA DT D9 D8],CD,3,1,1,1,0,0,[C9 C7],0,0.0000
[SJ HJ CA CK SA ST HA HK D8 D7],SH,4,2,1,1,0,0,[H9 DA],11,0.2000
[CJ HJ CA CT ST S9 S7 H7 DA DT],CH,4,1,2,1,0,0,[C8 D8],0,0.0700
[C7 SA ST SK S8 S7 HQ H9 H8 H7],-,1,1,1,1,1,0,[CQ HK],7,0.0000
[CJ CQ C7 SA ST S9 S7 HA H8 DA],C,3,3,1,1,0,0,[CT HK],14,0.0600
[DJ CT C9 C7 H9 DA DQ D9 D8 D7],D,4,1,0,0,0,0,[ST SK],14,0.0000
[CA CK CQ SA H8 DA DT DK DQ D8],-,3,2,1,1,1,0,[S9 HQ],3,0.0000
[DJ CA CT C9 C8 C7 HT HQ DA D7],D,6,1,1,0,0,0,[S7 H7],0,0.2600
[CJ SJ CA CK SK S9 S8 H8 DA D9],CS,4,1,0,0,0,0,[HA D7],11,0.0000
[HJ DJ CA CT CK S7 HK H8 DK D9],HD,5,0,0,0,0,0,[SA SK],15,0.0000
[SJ C9 C7 ST SQ S7 HK H8 DT DQ],S,3,0,2,0,0,0,[CA SK],15,0.0000
[CJ SJ CQ C9 S9 H8 DA DT D9 D8],CS,4,1,1,1,0,0,[HJ S7],2,0.1500
[SJ HJ CA CT C7 S9 S8 H9 DA D8],SH,5,1,0,0,0,0,[HT D7],10,0.0100
[HJ CQ C8 SK SQ S7 HA H7 D9 D7],H,3,1,0,0,0,0,[S9 H9],0,0.0000
[HJ DJ SK SQ S9 S7 HA HT D9 D8],HD,2,1,1,1,0,0,[C9 H7],0,0.0000
[CT C7 SA SK SQ S8 HA DA D8 D7],-,2,3,0,0,0,0,[C8 HK],4,0.0000
[CJ HJ CT CK CQ C7 ST SK DK D8],CH,6,0,1,0,0,0,[C8 HK],4,0.1000
[HJ DJ CA CT CQ C9 C8 ST H7 D7],HD,7,0,1,0,0,0,[CJ SA],13,0.0100
[HJ C9 ST SK SQ S7 H7 DQ D8 D7],H,2,0,1,0,1,0,[CQ D9],3,0.0000
[SJ CA CT C7 S8 S7 HK HQ DT DK],S,4,0,1,0,0,0,[CQ H9],3,0.0000
[DJ CA CT C9 SA ST S7 HK H9 DQ],D,4,1,1,1,0,0,[S9 D8],0,0.0000
[CK CQ C9 SA ST S7 H9 H8 DK D8],-,3,1,1,1,0,0,[SK HT],14,0.0000
[C9 C8 ST HA HK HQ H7 DK D8 D7],-,2,1,1,0,0,0,[SK S9],4,0.0000
[CJ CA C7 S7 HT H8 H7 DA D9 D8],C,3,1,1,0,0,0,[SJ DT],12,0.0000
[SJ HJ CK CQ S9 HA HK DK D9 D7],SH,4,1,0,0,0,0,[CA H7],11,0.0000
[DJ S9 S8 HA HT HQ H9 DT DK D9],D,1,1,2,1,1,0,[CJ DQ],5,0.0000
[HJ SA ST S8 S7 H8 DA DT D9 D8],H,1,2,2,2,0,0,[CQ H9],3,0.0000
[HJ CQ C7 SK S9 S7 H9 DT D9 D8],H,3,0,1,0,0,0,[HA DA],22,0.0000
[CJ SJ HJ C9 SK S8 H9 H8 H7 DA],CSH,4,1,0,0,0,0,[DJ ST],12,0.0200
[DJ CT CQ C9 C8 SK S9 HT HK D8],D,5,0,1,0,0,0,[CK D7],4,0.0000
[DJ CA SA ST SK SQ H9 H7 DA DK],D,2,2,1,1,0,0,[CQ D9],3,0.0000
[CJ CA CQ SA ST S8 HT H9 DT D9],C,3,1,3,1,0,0,[HJ SK],6,0.0000
[SJ C7 SA ST S7 HT HQ H9 H7 D9],S,2,1,2,1,0,0,[DA DK],15,0.0000
[DJ CK CQ ST S7 H9 H8 DA DK D8],D,3,1,1,0,0,0,[H7 DQ],3,0.0000
[HJ CA C8 SQ S9 S8 S7 HQ H9 D7],H,3,0,0,0,0,0,[DQ D9],3,0.0000
[SJ CA CQ SA ST SK H9 H7 D9 D7],S,3,1,1,1,0,0,[C7 H8],0,0.0000
[CJ DJ CA CQ SA ST SQ HA H8 DK],CD,4,2,1,1,0,0,[CK C8],4,0.2800
[CJ C7 SK S7 HK H9 H8 DA DK D8],C,2,1,0,0,0,0,[H7 DT],10,0.0000
[CQ C7 ST S9 HA HT HQ DA DK DQ],-,2,2,2,1,0,0,[SK HK],8,0.0000
[DJ CA C9 C7 SQ S7 HK HQ H8 D7],D,4,0,0,0,0,0,[CK H9],4,0.0000
[CQ C8 C7 ST SK SQ S7 DA DK D7],-,3,1,1,0,1,0,[DJ SA],13,0.0000
[DJ CK CQ SA SK S8 S7 HK H7 DQ],D,3,1,0,0,0,0,[C8 HQ],3,0.0000
[SJ DJ CA CK C8 SA DA DQ D9 D8],SD,5,2,0,0,0,0,[HA H9],11,0.6700
[SJ CA CT C8 ST DA DT DK D9 D7],S,4,1,2,1,1,0,[S9 S7],0,0.0600
[SJ HJ CA C7 SA SQ S8 S7 HK DQ],SH,4,1,0,0,0,0,[ST SK],14,0.0100
[C7 SK SQ S7 HT HK H9 DT DQ D8],-,1,0,2,0,1,0,[CK DK],8,0.0000
[CJ SA ST SQ S9 S7 HA HQ H8 H7],C,1,2,1,1,0,0,[CT HT],20,0.0000
[HJ CA CQ C8 HA HT HQ DA D9 D8],H,4,2,1,1,0,0,[C7 SA],11,0.1500
[CJ SJ C9 C7 SA ST S7 H8 H7 DA],CS,4,2,1,1,0,0,[CT SQ],13,0.3500
[DJ CA CK CQ C9 ST HQ H8 DA D7],D,5,1,1,0,0,0,[CT HT],20,0.0000
[CJ SJ CT C7 SA ST SQ HK HQ H7],CS,4,1,1,1,0,0,[CQ DT],13,0.1300
[CT CK ST SK S8 HA HK DK D9 D7],-,2,1,1,0,1,0,[DJ SQ],5,0.0000
[SJ CK CQ C9 HT HK H9 H8 H7 DA],S,4,1,1,0,1,0,[HJ D9],2,0.0000
[CJ CT C9 C8 S9 S7 HA H7 DT D9],C,4,1,1,0,0,0,[HK H8],4,0.0000
[DJ CA CT CQ C7 HT HQ DA D9 D8],D,5,1,1,0,0,0,[C8 S8],0,0.0400
[HJ CT CK C7 SK S9 HT H9 DT DQ],H,4,0,2,0,0,0,[S8 HQ],3,0.0000
[SJ CT CQ C8 S9 HK H8 H7 DA DK],S,4,1,0,0,0,0,[C7 DQ],3,0.0000
[CJ SJ HJ DJ CT ST SK S7 HA D9],CSHD,5,1,1,0,1,0,[H9 DT],10,0.9300
[SJ CA CT C8 C7 ST S8 HA H7 DT],S,5,1,2,0,0,0,[S7 D7],0,0.0000
[HJ DJ C7 S8 HA HK H7 DA DQ D7],HD,3,2,0,0,0,0,[CA CK],15,0.0000
[CT C9 C7 SA SQ S8 S7 HT H7 D7],-,3,1,1,0,0,0,[H8 D9],0,0.0000
[SJ C9 C8 C7 S7 H9 H8 DT DQ D8],S,4,0,1,0,0,0,[CA S9],11,0.0000
[CJ HJ DJ CQ C8 ST SK H8 D9 D7],CHD,5,0,1,0,0,0,[CA CK],15,0.0000
[CJ CT C9 C7 ST S7 HK H8 D9 D8],C,4,0,1,0,0,0,[SJ HT],12,0.0000
[CJ C9 C8 SK S9 S7 HT HK H8 DQ],C,3,0,1,0,1,0,[ST HQ],13,0.0000
[CA CQ SA ST SQ S8 HT DT DK D8],-,2,1,3,1,1,0,[CT HK],14,0.0000
[SA SK S8 HA HT H7 DA DT D9 D8],-,0,3,2,2,0,0,[S7 H8],0,0.0800
[CJ SJ HJ ST S9 H9 H8 DQ D9 D8],CSH,3,0,1,0,0,0,[SK HA],15,0.0000
[CJ DJ CA C8 SA HA HK DA DT D7],CD,4,3,1,1,0,0,[S7 H8],0,0.8900
[CJ HJ CA C9 S7 HQ DT DK DQ D8],CH,4,0,1,0,1,0,[DJ SQ],5,0.0000
[CJ HJ CT CK ST HA HT H9 H7 DK],CH,4,1,2,1,0,0,[C9 HQ],3,0.0200
[CJ SJ DJ CK C8 C7 ST HA H9 H7],CSD,6,1,1,0,0,0,[HK DK],8,0.7300
[CT SA SQ HA HT HQ H9 DK D9 D7],-,1,2,1,1,0,0,[DJ DT],12,0.0000
[SJ CA C7 SQ S7 HQ H9 H8 H7 DT],S,3,0,1,0,0,0,[D8 D7],0,0.0000
[CJ DJ CQ C7 SK H9 H7 DK DQ D8],CD,4,0,0,0,0,0,[CK C8],4,0.0000
[CJ SJ CK CQ C9 SK S9 DT DK D8],CS,5,0,1,0,1,0,[ST H9],10,0.0400
[SJ CA CK C7 S8 S7 H9 H8 DQ D9],S,4,0,0,0,0,0,[CT C9],10,0.0000
[CJ SJ HJ DJ CK SK HT HQ H9 D9],CSHD,5,0,1,0,0,0,[C7 S8],0,0.1400
[CJ CK C7 ST SK SQ S8 S7 HK H8],C,3,0,1,0,1,0,[SA S9],11,0.0000
[CJ SJ CA C7 SA ST S9 S8 H9 D7],CS,4,1,1,1,0,0,[SQ HQ],6,0.2600
[CJ SJ CK CQ S8 HT H9 H8 DQ D7],CS,4,0,1,0,0,0,[DK D9],4,0.0000
[CJ HJ DJ CQ C7 SK SQ S7 HA D8],CHD,5,1,0,0,0,0,[C8 H9],0,0.0600
[CJ HJ CT CQ ST SK SQ S9 HQ D8],CH,4,0,1,0,1,0,[C8 HT],10,0.0000
[CA CQ SA S9 S8 HA HT HQ H8 H7],-,2,2,1,1,0,0,[CK H9],4,0.0000
[SJ CT CK CQ S9 HT HK H8 H7 D7],S,4,0,1,0,1,0,[SA SQ],14,0.0000
[SJ HJ CK C9 C7 S9 H9 DT DK D8],SH,5,0,1,0,1,0,[CA CT],21,0.0000
[SJ DJ ST SK SQ HK DA DT DQ D8],SD,2,1,2,1,0,0,[CK D9],4,0.0000
[SJ C8 C7 S8 S7 HK HQ H9 DA DT],S,3,1,1,1,0,0,[ST SK],14,0.0000
[SJ CT CK SA SK S7 HK H7 DQ D7],S,3,1,0,0,0,0,[H8 DK],4,0.0000
[CJ HJ CT C8 S8 HA H8 H7 DA DK],CH,4,2,0,0,0,0,[C7 SQ],3,0.0900
[DJ CA CQ C9 C7 SQ HK H8 DT D7],D,5,0,1,0,0,0,[S9 S8],0,0.0000
[DJ CQ ST S8 S7 HK HQ DA DT D8],D,2,1,2,1,0,0,[SK H8],4,0.0000
[SJ HJ C8 C7 S8 HK H9 DA DQ D9],SH,4,1,0,0,0,0,[CJ D8],2,0.0000
[SJ HJ S8 HK HQ H9 H8 DA D9 D7],SH,2,1,0,0,0,0,[SK HA],15,0.0000
[C9 C8 C7 SA S7 H8 H7 DA DK DQ],-,3,2,0,0,0,0,[CJ HK],6,0.0000
[CT ST SQ S8 H9 H7 DT DK DQ D8],-,1,0,2,0,1,0,[HJ S7],2,0.0000
[CJ CK SA HA HT HQ H7 DA DK D8],C,2,3,1,1,0,0,[CT DT],20,0.0000
[HJ CA C8 S7 HT HQ H8 DK D8 D7],H,3,0,1,0,0,0,[SJ HK],6,0.0000
[CJ CT CQ SA ST SK H9 DA DK DQ],C,3,2,1,1,0,0,[HJ C7],2,0.0000
[SJ CT CQ C9 C8 H8 H7 DT D9 D8],S,5,0,1,0,0,0,[SA S8],11,0.0000
[SJ HJ CA CT C8 SA HA HK DT DQ],SH,5,2,1,0,0,0,[CJ H9],2,0.6800
[HJ CA CK CQ C8 ST SK S7 HA HT],H,5,1,2,1,1,0,[C7 HK],4,0.2500
[CJ CA C9 C7 SK SQ S7 H8 DT D8],C,4,0,1,0,0,0,[HK D7],4,0.0000
[CJ SJ DJ CQ C7 SA S9 S8 HK DQ],CSD,5,1,0,0,0,0,[HJ CK],6,0.0500
[CT C9 C8 C7 SK SQ HT HQ DT DQ],-,4,0,2,0,0,0,[HJ DJ],4,0.0000
[SJ DJ C9 C7 ST SQ S9 HA H7 DA],SD,4,2,1,0,0,0,[CQ SK],7,0.0100
[CT CK CQ SK SQ S9 HK DA D8 D7],-,3,1,0,0,0,0,[CA HA],22,0.0000
[CT C9 SA S8 HT H9 H8 DT D8 D7],-,2,1,2,0,0,0,[S9 HA],11,0.0000
[HJ CT CK C7 SK S9 S7 HK HQ DA],H,4,1,0,0,0,0,[SJ S8],2,0.0000
[CJ SJ CA CQ C9 C7 SA SK HQ DA],CS,6,2,0,0,0,0,[ST DK],14,0.9300
[CT CK ST S9 S7 HK H9 DA D8 D7],-,2,1,1,0,0,0,[SA DT],21,0.0000
[CJ DJ CA CT C7 SA SQ HT H8 DA],CD,5,2,1,0,0,0,[H9 H7],0,0.6200
[HJ CQ C9 C8 ST SQ S8 HK H7 DK],H,4,0,1,0,0,0,[DQ D7],3,0.0000
[DJ C7 SK HT H7 DT DK DQ D9 D7],D,2,0,2,0,1,0,[CJ HJ],4,0.0000
[CQ C8 C7 S8 S7 H9 DK D9 D8 D7],-,3,0,0,0,0,0,[HQ H8],3,0.0000
[HJ C7 ST SK SQ HA HK HQ DA D9],H,2,2,1,0,0,0,[CT C8],10,0.0000
[DJ S9 HA HT H9 H8 DA DT DQ D8],D,1,2,2,2,0,0,[CA SA],22,0.0000
[CJ CQ C9 C7 SQ S7 HT HK DT D7],C,4,0,2,0,0,0,[SK D9],4,0.0000
[SJ CA C8 SA HT H7 DA DK D9 D7],S,3,2,1,0,0,0,[S7 H8],0,0.0000
[SJ CA S8 HT HQ H7 DT DK DQ D8],S,2,0,2,0,1,0,[C9 HK],4,0.0000
[CA SK S9 HA HT HK H9 DK D9 D7],-,1,1,1,1,1,0,[CJ ST],12,0.0000
[CA CT SA SK SQ S8 HK H8 DT D9],-,2,1,1,0,0,0,[C7 S9],0,0.0000
[CJ CA C9 C7 ST SK S9 HA H9 D8],C,4,1,1,0,1,0,[HQ H7],3,0.0000
[CJ CA CK C8 C7 SA SQ S9 HK D9],C,5,1,0,0,0,0,[DA DT],21,0.0000
[CT ST SK S9 S8 S7 H9 DK DQ D7],-,1,0,1,0,1,0,[CJ HA],13,0.0000
[CQ C9 SK S9 S7 HQ H9 H8 H7 D8],-,2,0,0,0,0,0,[CA HK],15,0.0000
[SJ CT C9 ST S9 S8 HK DQ D9 D7],S,3,0,1,0,0,0,[SA H8],11,0.0000
[DJ CA C8 SQ HA HT HK HQ DT D9],D,3,1,2,1,0,0,[C9 SK],4,0.0000
[SJ CA CK CQ ST HA H9 DT D9 D8],S,4,1,2,0,0,0,[CT HK],14,0.0000
[CJ SJ DJ CA CT C7 SQ H8 H7 D8],CSD,6,0,0,0,0,0,[S9 D7],0,0.0100
[HJ DJ CA CK C8 HT H7 DA DT D9],HD,5,1,2,1,0,0,[SK D8],4,0.2900
[CA CT CK C7 ST S9 HQ H9 DQ D8],-,4,0,1,0,0,0,[CQ HK],7,0.0000
[CJ CA C9 S9 HA HT H8 H7 DA DQ],C,3,2,1,1,0,0,[ST HQ],13,0.0000
[CJ CT CK C8 SA HA H9 DT D9 D7],C,4,2,1,0,0,0,[CQ S8],3,0.0500
[CJ CA C9 SA HK H7 DA DK DQ D7],C,3,2,0,0,0,0,[CT DT],20,0.0000
[CK CQ C9 S9 HT HK H7 DA DQ D9],-,3,1,1,0,1,0,[C8 D8],0,0.0000
[HJ CA CK CQ SA S9 H7 DA DT D8],H,4,2,1,1,0,0,[C8 C7],0,0.0900
[CA CK C7 SA SK S9 H8 DA D9 D8],-,3,2,0,0,0,0,[DJ DT],12,0.0000
[CT CQ C7 SQ S9 S7 HQ H8 DA DK],-,3,1,0,0,0,0,[C8 HA],11,0.0000
[CA CT SA S9 S7 HT H8 DT DK D8],-,2,1,2,0,1,0,[S8 HA],11,0.0000
[HJ CT CQ ST S8 S7 HQ H8 DT DK],H,3,0,2,0,0,0,[HT H9],10,0.0000
[HJ CT CK C9 C8 C7 H9 H8 DT D8],H,6,0,1,0,0,0,[CJ S9],2,0.0000
[HJ CA CK SA SK S8 HT H8 H7 D7],H,3,1,1,0,0,0,[C9 D8],0,0.0000
[HJ CK C9 C7 SQ HQ H9 DK DQ D7],H,4,0,0,0,0,0,[CJ C8],2,0.0000
[CT CK C8 C7 SA S9 S7 H9 H8 DQ],-,4,1,0,0,0,0,[DJ ST],12,0.0000
[CK CQ C7 HA HT HK HQ H8 DT DK],-,3,1,2,1,1,0,[C9 H7],0,0.0000
[CJ SJ DJ CA CQ C9 SK HT DT DK],CSD,6,0,2,0,0,0,[CK HQ],7,0.0600
[HJ DJ CT CK CQ C9 S9 S7 HA DQ],HD,6,1,0,0,0,0,[SK S8],4,0.0200
[DJ SQ S9 HT H9 H7 DT DK D8 D7],D,1,0,2,0,1,0,[C9 S8],0,0.0000
[SJ HJ S9 HA H9 H7 DA DT DQ D8],SH,2,2,1,1,0,0,[HT D7],10,0.0000
[CJ CT C7 SA ST SQ S9 S7 H9 H7],C,3,1,1,1,0,0,[C8 D8],0,0.0000
[SJ HJ CK S7 HK H8 H7 DA DT DQ],SH,3,1,1,1,0,0,[C9 S8],0,0.0000
[SJ CK C9 C8 S8 HT HQ DK DQ D9],S,4,0,1,0,0,0,[DA D7],11,0.0000
[CJ SK SQ S8 HT HQ DA DK D9 D8],C,1,1,1,0,0,0,[HJ S7],2,0.0000
[SJ CA CT C8 SA S8 S7 HK H9 DA],S,4,2,0,0,0,0,[CJ HT],12,0.0100
[CT CK CQ C8 C7 S8 HA HQ D9 D7],-,5,1,0,0,0,0,[DJ S9],2,0.0000
[SJ CT C7 SA ST SK SQ S9 H7 DK],S,3,1,1,1,1,0,[HJ D7],2,0.0000
[CJ C8 C7 SK S7 HK H9 H8 H7 DK],C,3,0,0,0,0,0,[C9 HA],11,0.0000
[CT CQ SA ST S9 HA HT H8 D9 D7],-,2,2,2,2,0,0,[CK D8],4,0.0000
[CJ CA C8 SA SK S9 H9 DA DQ D8],C,3,2,0,0,0,0,[HA H8],11,0.0000
[CJ SJ DJ C9 SA SK SQ H9 H7 DQ],CSD,4,1,0,0,0,0,[H8 DA],11,0.0200
[CJ SJ HJ CT C9 SK S9 H7 DK DQ],CSH,5,0,0,0,0,0,[CK ST],14,0.0000
[DJ CA CK CQ SA HA HT HQ H7 D7],D,4,2,1,1,0,0,[C8 S7],0,0.0500
[CJ HJ CA CQ C8 SQ S9 H9 DK D8],CH,5,0,0,0,0,0,[S8 HQ],3,0.0000
[CJ DJ CA CT C8 C7 HT HK H8 D8],CD,6,0,1,0,1,0,[SQ DK],7,0.5800
[CJ SJ CK CQ SQ S8 HT H7 D9 D8],CS,4,0,1,0,0,0,[C7 HK],4,0.0000
[HJ CQ C7 SK S9 S8 HA HT DA DT],H,3,2,2,2,0,0,[CA CT],21,0.0100
[DJ CQ C9 C8 ST SK H7 DT DK D7],D,4,0,2,0,1,0,[CT CK],14,0.0000
[CJ CT CK C8 C7 SQ HT HK DA DK],C,5,1,1,0,0,0,[HQ H7],3,0.0100
[SJ DJ C8 C7 SA SQ H8 DK DQ D8],SD,4,1,0,0,0,0,[S7 HK],4,0.0000
[CK CQ C9 SA SK SQ HT DK D8 D7],-,3,1,1,0,0,0,[DJ C7],2,0.0000
[CJ CQ ST SK H8 DA DT DQ D9 D7],C,2,1,2,1,0,0,[SJ C9],2,0.0000
[HJ CK CQ SK SQ HA HQ DT DK DQ],H,3,1,1,0,0,0,[S7 HT],10,0.0000
[HJ DJ C8 C7 S7 H8 H7 DA DK DQ],HD,4,1,0,0,0,0,[SJ D8],2,0.0000
[CJ SJ DJ CK ST S8 HA H9 DA DQ],CSD,4,2,1,0,0,0,[S9 HT],10,0.1600
[DJ CT CQ ST H9 H8 DQ D9 D8 D7],D,3,0,1,0,0,0,[C9 HK],4,0.0000
[CJ SJ CQ S8 HT H8 H7 DK DQ D7],CS,3,0,1,0,0,0,[HK HQ],7,0.0000
[DJ CA C9 C8 S9 S8 DK DQ D8 D7],D,4,0,0,0,0,0,[SA DT],21,0.0000
[SJ HJ CA C9 ST SK S9 S7 H8 H7],SH,4,0,1,0,1,0,[DJ SA],13,0.0100
[CA C8 SA SQ S9 HK H7 DQ D9 D7],-,2,1,0,0,0,0,[SK D8],4,0.0000
[SJ CA CT CK SA H9 H7 DK D9 D7],S,4,1,0,0,0,0,[C7 S9],0,0.0000
[SJ HJ CA SA S9 S7 HA H7 D8 D7],SH,3,2,0,0,0,0,[DJ SQ],5,0.0000
[C9 S7 HK H9 H7 DT DK DQ D8 D7],-,1,0,1,0,1,0,[CT HQ],13,0.0000
[CJ CT C9 ST S8 HA H7 DK DQ D7],C,3,1,1,0,0,0,[SJ HK],6,0.0000
[CJ C9 ST SQ S8 S7 HK H8 DA D7],C,2,1,1,0,0,0,[DJ CQ],5,0.0000
[CJ SJ HJ CT C9 C8 S9 HQ H7 DT],CSH,6,0,1,0,0,0,[CQ DQ],6,0.0600
[CJ CT CK C9 SA SQ S9 HQ DT D9],C,4,1,1,0,0,0,[S7 H7],0,0.0000
[CJ DJ CA SK S7 H7 DK DQ D9 D7],CD,3,0,0,0,0,0,[SA HA],22,0.0000
[SJ CQ C9 S9 S8 S7 H8 H7 D8 D7],S,3,0,0,0,0,0,[DK D9],4,0.0000
[HJ C7 SK SQ HK HQ H9 H7 DA DQ],H,2,1,0,0,0,0,[CK S8],4,0.0000
[CA C9 C7 S9 HT HQ H9 DA DT DQ],-,3,1,2,1,0,0,[SK HK],8,0.0000
[CA CK C7 ST S7 HT HK H7 D8 D7],-,3,0,2,0,1,0,[C8 HQ],3,0.0000
[SJ DJ CA ST SQ S9 S7 HA H7 D9],SD,3,1,1,0,0,0,[CT H9],10,0.0000
[HJ CT C9 SQ HT HK HQ H7 DA D9],H,3,1,1,0,1,0,[C8 SA],11,0.0000
[HJ DJ CA CK SA S8 HK H9 H7 DK],HD,4,1,0,0,0,0,[SJ D9],2,0.0000
[CT CQ C8 SA SQ HK H7 DA DQ D7],-,3,2,0,0,0,0,[S9 H9],0,0.0000
[HJ CQ C8 SK S8 HQ DA DT D9 D8],H,3,1,1,1,0,0,[SA DQ],14,0.0000
[CA CK CQ C7 SA SK S9 HT HK HQ],-,4,1,1,0,0,0,[S7 H7],0,0.0000
[CJ DJ CK CQ ST HT HQ H7 DA D8],CD,4,1,2,0,0,0,[S7 DQ],3,0.0000
[SJ CQ C9 C7 SK H9 H7 DK DQ D9],S,4,0,0,0,0,0,[HJ C8],2,0.0000
[SJ DJ CK C9 C8 C7 S7 DK DQ D7],SD,6,0,0,0,0,0,[S9 HA],11,0.0000
[CJ SJ C9 C8 SA S7 HA HQ DT D9],CS,4,2,1,0,0,0,[ST D8],10,0.0600
[CJ CT CK C7 S8 HQ H9 DQ D9 D8],C,4,0,0,0,0,0,[SA SQ],14,0.0000
[DJ CA CK SA SQ S8 S7 HA HQ H9],D,3,2,0,0,0,0,[HJ D7],2,0.0000
[SJ HJ C9 SA SQ S8 HA HT DA D9],SH,3,3,1,1,0,0,[CA H7],11,0.3000
[SJ HJ CQ ST HK HQ H8 DT DQ D9],SH,3,0,2,0,0,0,[CK S7],4,0.0000
[CJ CT C7 ST SK S8 H8 H7 DA DT],C,3,1,2,1,1,0,[SJ S9],2,0.0000
[SJ DJ C8 SQ S9 S8 DT D9 D8 D7],SD,3,0,1,0,0,0,[SK DQ],7,0.0000
[CJ SJ CA ST SK S9 HA HT H8 DQ],CS,3,1,2,1,1,0,[HJ DJ],4,0.0000
[HJ CA ST HA HT H8 DT DQ D8 D7],H,2,1,3,1,0,0,[SJ C8],2,0.0000
[C9 SA SK S8 HA HK H7 DT DK D7],-,1,2,1,0,1,0,[CT D9],10,0.0000
[HJ DJ CQ S9 S8 S7 HT H7 DA DT],HD,3,1,2,1,0,0,[HK HQ],7,0.0000
[SJ SA SK S8 HT HK H8 DA DQ D8],S,1,2,1,0,1,0,[HQ D9],3,0.0000
[SJ CT C8 S7 HT HQ DA DK D9 D8],S,3,1,1,0,0,0,[HJ DT],12,0.0000
[CT CK CQ C9 ST SK S9 S7 HQ H8],-,4,0,1,0,1,0,[D9 D8],0,0.0000
[DJ CK S8 S7 HA H9 H8 H7 D8 D7],D,2,1,0,0,0,0,[C7 HK],4,0.0000
[CJ SJ S7 HT HK DT DK DQ D8 D7],CS,2,0,2,0,1,0,[C7 SA],11,0.0000
[HJ C9 C8 ST SK SQ HA HT H9 DT],H,3,1,3,1,0,0,[H8 D7],0,0.0000
[HJ DJ CK C9 C7 ST SK H9 H7 D9],HD,5,0,1,0,0,0,[CJ C8],2,0.0000
[CJ HJ DJ C9 C7 S9 H7 DA DK D8],CHD,5,1,0,0,0,0,[HK DQ],7,0.1200
[C9 C7 SA S8 HT H9 H8 DA DK DQ],-,2,2,1,0,0,0,[CK H7],4,0.0000
[HJ CA SA ST HA HT HQ H8 D9 D7],H,2,2,2,2,0,0,[CK S8],4,0.0000
[SJ CK C8 ST SK S8 HA HT H7 DK],S,3,1,2,1,1,0,[C9 HK],4,0.0000
[SJ HJ DJ HT HQ H8 H7 DA D9 D8],SHD,3,1,1,0,0,0,[C7 HK],4,0.0000
[SJ C8 C7 SA S9 S8 HK H7 D8 D7],S,3,1,0,0,0,0,[HA DT],21,0.0000
[CJ HJ CQ C9 C8 C7 S9 HA DA DK],CH,6,2,0,0,0,0,[CK S8],4,0.5700
[SJ CA CQ SK S9 HK HQ H7 DA D8],S,3,1,0,0,0,0,[C7 HT],10,0.0000
[HJ CA CT C8 SA SK S9 S8 H7 DQ],H,4,1,0,0,0,0,[HA HK],15,0.0000
[SJ HJ DJ SA SK SQ HK HQ H7 DT],SHD,3,1,1,0,0,0,[S7 DQ],3,0.0000
[HJ CK CQ SA SK SQ S7 H8 DQ D9],H,3,1,0,0,0,0,[DA D8],11,0.0000
[CA C7 SA SK SQ S9 DT DK D9 D8],-,2,1,1,0,1,0,[DJ C8],2,0.0000
[DJ C9 SA S8 S7 HA HT HK H7 DT],D,2,2,2,1,1,0,[DK DQ],7,0.0000
[SJ DJ CQ C9 C8 SK S9 S8 H7 DA],SD,5,1,0,0,0,0,[SQ H8],3,0.0000
[C8 C7 SA SK SQ S8 HT HQ DK D7],-,2,1,1,0,0,0,[HA HK],15,0.0000
[SJ DJ CT C9 SQ S7 H8 H7 D9 D8],SD,4,0,0,0,0,0,[HK DQ],7,0.0000
[DJ CT CK ST S9 S8 HA DA DQ D7],D,3,2,1,0,0,0,[H8 H7],0,0.0000
[CJ SJ CA CK CQ C9 S9 S8 H7 DT],CS,6,0,1,0,0,0,[HA D7],11,0.0000
[SJ HJ CK SA S9 S8 S7 HT DT DQ],SH,3,1,2,0,0,0,[CQ C8],3,0.0000
[CA CQ ST SK S9 S8 HK DT DK DQ],-,2,0,2,0,1,0,[CK HA],15,0.0000
[CJ DJ CK C9 S8 S7 HK H9 H8 D8],CD,4,0,0,0,0,0,[C7 HT],10,0.0000
[SJ HJ CA CT CQ S9 HQ H8 D9 D8],SH,5,0,0,0,0,0,[SK H9],4,0.0000
[CQ C9 ST SQ S9 S7 HQ DK D8 D7],-,2,0,1,0,0,0,[SJ H9],2,0.0000
[CJ DJ CA CT C7 ST S9 S8 S7 D8],CD,5,0,1,0,0,0,[HK DK],8,0.1000
[SJ HJ DJ CT CQ C8 ST S7 HA DT],SHD,6,1,2,0,0,0,[SK DQ],7,0.2400
[HJ CK CQ C8 ST HA HK H8 DA DQ],H,4,2,1,0,0,0,[CJ S8],2,0.0000
[CT CK CQ C7 S8 S7 HK HQ DQ D8],-,4,0,0,0,0,0,[SJ H7],2,0.0000
[CJ SJ CT CK CQ C8 H7 DA DK D9],CS,6,1,0,0,0,0,[S9 H8],0,0.7600
[CT C7 SQ S7 HA HK HQ DQ D9 D8],-,2,1,0,0,0,0,[SK D7],4,0.0000
[SJ CQ C9 C8 SQ HT HK H9 DA DQ],S,4,1,1,0,1,0,[S9 HQ],3,0.0000
[CJ SQ S9 S8 HT HK H8 DT DQ D8],C,1,0,2,0,1,0,[CK HQ],7,0.0000
[DJ SA SK SQ HK HQ H8 DA DT D9],D,1,2,1,1,0,0,[CJ HT],12,0.0000
[CJ SJ CA CK SA S9 H9 H8 H7 DT],CS,4,1,1,0,0,0,[C7 S8],0,0.0000
[SJ C9 SA ST S9 HQ H8 DA D9 D8],S,2,2,1,1,0,0,[CT CK],14,0.0000
[CJ DJ CK CQ C9 ST SK H7 DA DT],CD,5,1,2,1,0,0,[HT DQ],13,0.1000
[HJ CA S8 HA HK H7 DT DK D8 D7],H,2,1,1,0,1,0,[C8 S9],0,0.0000
[CJ CA CT ST S9 HT H9 H8 DT D9],C,3,0,3,0,0,0,[HK DK],8,0.0000
[CJ SJ HJ DJ CK CQ H9 H7 D9 D7],CSHD,6,0,0,0,0,0,[SA DQ],14,0.1400
[SJ DJ CQ SA ST S8 HK H8 D9 D8],SD,3,1,1,1,0,0,[HA HT],21,0.0000
[CJ CA CQ C9 SK S8 H9 DA DQ D8],C,4,1,0,0,0,0,[DJ S9],2,0.0000
[CA C8 SA S9 S8 S7 HQ H8 H7 DK],-,2,1,0,0,0,0,[D8 D7],0,0.0000
[C9 C7 S9 HA HT H9 H7 DA DK D8],-,2,2,1,1,0,0,[HJ S8],2,0.0000
[DJ CA SA ST SQ S9 HK H7 DT DQ],D,2,1,2,1,0,0,[HA D8],11,0.0000
[SJ HJ CA C7 ST HA HQ DA DT DQ],SH,4,2,2,1,0,0,[CK S8],4,0.1400
[C9 C7 ST SQ S8 HT DT DK D9 D8],-,2,0,3,0,1,0,[H8 D7],0,0.0000
[CJ HJ CA SA SQ S8 DA DK DQ D8],CH,3,2,0,0,0,0,[S7 HT],10,0.0800
[CJ HJ CA CK CQ C7 SA SQ DA D8],CH,6,2,0,0,0,0,[S7 HA],11,0.9300
[CJ HJ DJ CA SK H8 DA DT D9 D7],CHD,4,1,1,1,0,0,[CK D8],4,0.2100
[CJ SJ CQ C9 C7 S9 S8 HA H7 DT],CS,5,1,1,0,0,0,[HJ D8],2,0.0100
[CJ CT CK S9 S8 HQ H7 DT DK D8],C,3,0,1,0,1,0,[DA D9],11,0.0000
[CA C9 C8 C7 ST SQ S9 S7 H9 D7],-,4,0,1,0,0,0,[HA HK],15,0.0000
[CJ CK C8 C7 SQ S9 H8 DA DT D7],C,4,1,1,1,0,0,[HJ HT],12,0.0000
[CJ HJ CA CK CQ C8 S8 HA HK D9],CH,6,1,0,0,0,0,[S9 H9],0,0.2600
[CQ C9 SA S9 HQ H8 H7 DT DK D8],-,2,1,1,0,1,0,[C7 DA],11,0.0000
[CT CK CQ C9 C7 ST SQ H7 D9 D8],-,5,0,1,0,0,0,[S9 DA],11,0.0000
[CK CQ C8 SQ S8 HA HT H9 H7 D9],-,3,1,1,1,0,0,[SA H8],11,0.0000
[CJ CT SQ S8 HK H9 DT DQ D8 D7],C,2,0,1,0,0,0,[SA ST],21,0.0000
[CJ DJ CA ST HA HK H8 DA D8 D7],CD,3,2,1,0,0,0,[HT DT],20,0.0200
[HJ DJ CQ C8 C7 SA SQ HA DQ D7],HD,5,2,0,0,0,0,[CJ S7],2,0.0100
[CJ HJ CK C8 SA H9 DA DT DK D7],CH,4,2,1,1,1,0,[S8 H7],0,0.2400
[CJ CK C9 C7 ST SQ HT H8 DK D8],C,4,0,2,0,0,0,[HA D7],11,0.0000
[HJ CK C8 C7 SA SQ HQ H9 DA D9],H,4,2,0,0,0,0,[DJ CT],12,0.0000
[HJ CT C8 SA ST S8 H8 DA DK D7],H,3,2,1,1,0,0,[CQ H7],3,0.0100
[CJ CQ SK SQ H9 H8 H7 DA DT D9],C,2,1,1,1,0,0,[DJ CK],6,0.0000
[CT CQ C7 S7 HA HT HQ DQ D9 D7],-,3,1,1,1,0,0,[CA H9],11,0.0000
[SJ HJ CA ST SK H9 DA DT DK D7],SH,3,1,2,1,1,0,[C7 H8],0,0.0000
[CJ CA C8 SA S9 S7 HT H8 DA DK],C,3,2,1,0,0,0,[C7 HA],11,0.0000
[CJ SJ DJ CA C8 SA S8 DQ D8 D7],CSD,5,1,0,0,0,0,[CT DA],21,0.4200
[HJ CA S7 HT H9 H8 H7 DA DK DQ],H,2,1,1,0,0,0,[ST S8],10,0.0000
[CK C8 C7 SA ST HK HQ H7 DT D9],-,3,1,2,1,0,0,[C9 S9],0,0.0000
[CJ HJ C9 SK SQ S9 HA HT HK HQ],CH,3,1,1,1,0,0,[H7 D7],0,0.0000
[CJ HJ DJ C9 ST SQ S9 S7 HA DA],CHD,4,2,1,0,0,0,[SJ DK],6,0.2300
[HJ C9 C8 C7 SA HT H8 H7 DK D8],H,4,1,1,0,0,0,[CK DQ],7,0.0000
[CJ SJ HJ SQ HA HQ H7 DT DQ D7],CSH,3,1,1,0,0,0,[CA C8],11,0.0100
[SJ DJ CA CK C9 SK S9 HA HQ DT],SD,5,1,1,0,0,0,[S8 H8],0,0.0000
[HJ DJ CA CT S9 HK HQ H8 DT D8],HD,4,0,1,0,0,0,[HT D7],10,0.0000
[CJ SJ CT CK C7 SK HT HK H8 DK],CS,5,0,1,0,1,0,[SA H9],11,0.0100
[CJ CA C9 ST SK HA H9 H8 H7 DT],C,3,1,2,0,0,0,[SA SQ],14,0.0000
[SJ CT ST SK HT HK H8 H7 DQ D7],S,2,0,2,0,1,0,[C8 D8],0,0.0000
[CJ C7 ST SK SQ S7 HQ H8 DA DT],C,2,1,2,1,1,0,[D8 D7],0,0.0000
[HJ CA CK C9 SA S8 HT HQ H8 DK],H,4,1,1,0,0,0,[DT DQ],13,0.0000
[SJ C8 C7 SA ST HT HQ H8 H7 D7],S,3,1,2,1,0,0,[SK DA],15,0.0000
[CA CT CK SA SQ S9 S8 HQ H8 DK],-,3,1,0,0,0,0,[ST HA],21,0.0000
[DJ CA CK SQ S9 S8 S7 DQ D9 D8],D,3,0,0,0,0,0,[C9 SA],11,0.0000
[CA C9 SQ HA HT HQ DT DK D9 D7],-,2,1,2,1,1,0,[SJ H7],2,0.0000
[SJ HJ DJ CQ C8 C7 HA HQ DA D7],SHD,6,2,0,0,0,0,[SA H9],11,0.8100
[CJ CA SA S9 S8 HA HK H9 H7 DK],C,2,2,0,0,0,0,[CQ SK],7,0.0000
[SJ DJ CT C9 C7 SA SK DQ D9 D7],SD,5,1,0,0,0,0,[CQ S8],3,0.0100
[CJ CA C7 S9 HA H9 H8 H7 DQ D7],C,3,1,0,0,0,0,[SJ D8],2,0.0000
[HJ CT CQ SQ S9 HA H9 DK DQ D7],H,3,1,0,0,0,0,[C9 H8],0,0.0000
[DJ CT C8 SA SQ S8 HA H8 DA DQ],D,3,3,0,0,0,0,[HJ H7],2,0.0100
[CA CQ C7 SK S7 HA HK HQ H9 DQ],-,3,1,0,0,0,0,[S9 DT],10,0.0000
[CJ SJ CQ C8 C7 HA HT HK H7 DA],CS,5,2,1,1,1,0,[S8 H8],0,0.9000
[DJ CT CQ C9 C7 ST S7 H7 DA D8],D,5,1,1,0,0,0,[HJ C8],2,0.0000
[CJ HJ DJ CA S8 HT H9 H8 H7 D8],CHD,4,0,1,0,0,0,[HA DT],21,0.0100
[DJ C8 C7 S9 HA HT H9 H8 DK D8],D,3,1,1,1,0,0,[CK DT],14,0.0000
[SJ HJ CA CK CQ ST S7 HK H7 D7],SH,5,0,1,0,0,0,[C9 S8],0,0.0000
[CJ SJ CA CQ C8 SK S9 H7 D8 D7],CS,5,0,0,0,0,0,[CK HA],15,0.0000
[DJ C8 S8 HT HK H9 H8 H7 DT D7],D,2,0,2,0,1,0,[CA CQ],14,0.0000
[HJ CT CK CQ SA HA H8 H7 DT D9],H,4,2,1,0,0,0,[CJ HK],6,0.0100
[SJ DJ CA CK C7 SA ST HK HQ DT],SD,5,1,2,1,0,0,[HJ D9],2,0.0500
[CJ HJ DJ CA CQ C9 SQ S9 HT H9],CHD,6,0,1,0,0,0,[SK D9],4,0.0500
[CT CK CQ C8 C7 SQ S8 HA H8 D8],-,5,1,0,0,0,0,[DJ H7],2,0.0000
[CJ CK S9 HQ H8 H7 DA DK D9 D8],C,2,1,0,0,0,0,[SA S7],11,0.0000
[SJ HJ DJ CK C8 ST SK S7 HT DQ],SHD,5,0,2,0,1,0,[CJ D8],2,0.0100
[HJ DJ CT C7 S9 S7 HK HQ H9 D9],HD,4,0,0,0,0,0,[CA HA],22,0.0000
[CJ CK C7 ST S9 S8 HA HK H8 D9],C,3,1,1,0,0,0,[SA DA],22,0.0000
[CT CK C9 C7 ST S7 HK HQ DK D9],-,4,0,1,0,0,0,[SJ SA],13,0.0000
[DJ C8 SA SK S7 HT HQ DK D9 D8],D,2,1,1,0,0,0,[ST DA],21,0.0000
[CA CK CQ SA ST S9 S8 S7 DT D9],-,3,1,2,1,0,0,[DJ H9],2,0.0000
[CJ DJ CQ SA ST S7 HQ H9 DT D7],CD,3,1,2,1,0,0,[S9 DA],11,0.0000
[CJ SJ CK CQ ST HA HT HQ H9 DT],CS,4,1,3,1,0,0,[SA D8],11,0.0300
[SJ CT C9 SK SQ S7 HT H9 H7 DK],S,3,0,1,0,0,0,[CJ CK],6,0.0000
[CJ SJ DJ CT CQ C8 SA H9 DK D9],CSD,6,1,0,0,0,0,[SK HT],14,0.6200
[CQ C9 ST SQ S8 S7 HA HQ H9 DK],-,2,1,1,0,0,0,[S9 D8],0,0.0000
[SJ HJ DJ CT CK C9 SA S9 HA D8],SHD,6,2,0,0,0,0,[C8 H8],0,0.8500
[CJ SJ CQ SK S9 S7 H9 H8 DT D8],CS,3,0,1,0,0,0,[ST S8],10,0.0000
[DJ CT SA SQ HT HK H7 DA D8 D7],D,2,2,1,0,1,0,[C9 S8],0,0.0000
[SJ CT CQ C7 ST S9 HA HK HQ H8],S,4,1,1,0,0,0,[CJ SA],13,0.0000
[SJ CA CQ SA S9 HK HQ H7 DQ D9],S,3,1,0,0,0,0,[C9 S8],0,0.0000
[CJ C9 SQ S9 S7 H9 H7 DT DQ D7],C,2,0,1,0,0,0,[SJ HT],12,0.0000
[CJ SJ DJ CT C9 C7 SQ S9 S7 H7],CSD,6,0,0,0,0,0,[HJ DT],12,0.2400
[DJ CA CK CQ C9 C8 ST SQ HT D7],D,6,0,2,0,0,0,[CJ DK],6,0.0000
[CJ HJ CT SQ S8 S7 HA H7 DK DQ],CH,3,1,0,0,0,0,[C9 SA],11,0.0000
[SK SQ S7 HA HK HQ H9 H7 D8 D7],-,0,1,0,0,0,0,[SJ H8],2,0.0000
[CJ SJ HJ CK C8 SA SK HT DQ D7],CSH,5,1,1,0,0,0,[HQ H8],3,0.0900
[DJ CT C8 SK S9 S8 H8 DT DQ D8],D,3,0,1,0,0,0,[HJ SQ],5,0.0000
[CA CK C9 C7 SA ST S9 DT D9 D8],-,4,1,2,1,0,0,[S7 DQ],3,0.0000
[CJ SJ DJ C9 C8 S7 HK HQ H7 D9],CSD,5,0,0,0,0,0,[SA DQ],14,0.0100
[DJ CA SA SQ HA HT H8 H7 DQ D8],D,2,2,1,1,0,0,[CK SK],8,0.0000
[CT CQ SA SQ S7 HT H9 DT D8 D7],-,2,1,2,0,0,0,[CK H7],4,0.0000
[CJ SA ST SK S7 HA HT HQ DA D7],C,1,3,2,2,1,0,[CK D8],4,0.0200
[CJ CT ST SQ S8 S7 H7 DA DK D8],C,2,1,1,0,0,0,[CQ HA],14,0.0000
[CJ HJ CT C9 HT DA DT DK D9 D8],CH,4,1,2,1,1,0,[SQ HA],14,0.0700
[HJ CQ C7 ST SK S8 HT H8 DQ D8],H,3,0,2,0,1,0,[HQ DA],14,0.0000
[C8 C7 SA ST HA H9 DA DQ D9 D8],-,2,3,1,1,0,0,[HT H8],10,0.0900
[CJ CT CK CQ SQ S7 H9 DK D9 D8],C,4,0,0,0,0,0,[C7 SK],4,0.0000
[SJ HJ CA C7 ST SK SQ S9 HK DA],SH,4,1,1,0,1,0,[CK D8],4,0.1000
[CK SA ST S7 HA HT HK HQ H9 DK],-,1,2,2,2,1,0,[CJ D8],2,0.0000
[SJ CQ C9 SA ST H9 H7 DT DQ D7],S,3,1,2,1,0,0,[S9 DA],11,0.0000
[HJ CK C9 C8 ST SQ HT HK H8 DT],H,4,0,3,0,1,0,[CT H9],10,0.0000
[CJ CQ C9 HA HT HK H8 DA DK D7],C,3,2,1,1,1,0,[CK SA],15,0.0000
[SJ CQ C9 C7 S9 HK H7 DA DQ D9],S,4,1,0,0,0,0,[C8 HQ],3,0.0000
[C9 C8 S7 HQ H8 DA DT DQ D9 D8],-,2,1,1,1,0,0,[DJ HK],6,0.0000
[SJ CK C9 SK S9 S8 S7 HA DA DQ],S,3,2,0,0,0,0,[HJ DJ],4,0.0000
[C9 C8 C7 ST SQ S9 HT HK H8 DK],-,3,0,2,0,1,0,[CT SA],21,0.0000
[HJ C8 ST SK SQ S9 H9 DT DK D7],H,2,0,2,0,2,0,[CQ H8],3,0.0000
[HJ CK ST SK S8 HA HT H8 H7 DT],H,2,1,3,1,1,0,[CJ DJ],4,0.0000
[DJ C9 SA S9 S8 HA HQ H8 DA D7],D,2,3,0,0,0,0,[H7 DK],4,0.0000
[CT CK SA SQ HA DT DQ D9 D8 D7],-,2,2,1,0,0,0,[SK HQ],7,0.0000
[CJ HJ CT C9 C8 ST SQ S9 HA H7],CH,5,1,1,0,0,0,[H9 D7],0,0.1700
[SJ CT SQ S9 S8 HT HQ H8 DT D7],S,2,0,2,0,0,0,[ST H9],10,0.0000
[SJ HJ CT ST SQ S8 H9 DT DK D9],SH,3,0,2,0,1,0,[SA DQ],14,0.0000
[CJ CQ S9 HA H9 H8 DA DK D9 D7],C,2,2,0,0,0,0,[HJ C9],2,0.0000
[CJ CT CK CQ SA S7 HT DT D8 D7],C,4,1,2,0,0,0,[ST S9],10,0.0000
[SJ CK CQ C9 C8 SQ S9 H9 H7 DQ],S,5,0,0,0,0,0,[CA HK],15,0.0000
[CJ DJ CQ SA SK SQ S7 H9 DT DK],CD,3,1,1,0,0,0,[S9 D9],0,0.0000
[CJ HJ CQ C7 ST S7 HT H9 H8 D9],CH,4,0,2,0,0,0,[HQ DQ],6,0.0000
[SJ C8 ST SQ S9 S7 HQ DK D8 D7],S,2,0,1,0,0,0,[S8 HK],4,0.0000
[CJ SJ HJ CT C8 HT HK H9 H7 DT],CSH,5,0,2,0,1,0,[CQ SK],7,0.4500
[CA CT CK SK SQ S8 HA HQ H9 DQ],-,3,1,0,0,0,0,[CJ ST],12,0.0000
[HJ DJ C8 SQ S8 HA HQ H9 DA DT],HD,3,2,1,1,0,0,[CQ C7],3,0.0000
[CJ CA C9 S9 S8 HQ H9 DT DK D9],C,3,0,1,0,1,0,[H8 D8],0,0.0000
[CJ HJ CA C8 S9 H9 H8 DK D9 D7],CH,4,0,0,0,0,0,[SJ DQ],5,0.0000
[CJ CA CT CK C9 ST SQ DT D9 D7],C,5,0,2,0,0,0,[C7 HA],11,0.0300
[CA CQ SA S8 HT HQ H8 DT DQ D9],-,2,1,2,0,0,0,[D8 D7],0,0.0000
[CJ HJ CT C8 C7 S9 HA HQ H9 H8],CH,5,1,0,0,0,0,[DK DQ],7,0.2000
[CA CT C7 SA HT H8 DT DK DQ D7],-,3,1,2,0,1,0,[S7 H9],0,0.0000
[C8 SA S8 S7 HA HT HK H9 H8 DQ],-,1,2,1,1,1,0,[CJ SJ],4,0.0000
[CJ DJ CT SA SQ S9 S7 HT H9 H8],CD,3,1,1,0,0,0,[HJ HQ],5,0.0000
[SJ CQ C9 C8 S9 HK DK DQ D9 D7],S,4,0,0,0,0,0,[CK HQ],7,0.0000
[HJ DJ CT CK C9 C8 C7 SA S9 HK],HD,7,1,0,0,0,0,[ST D8],10,0.3100
[SJ HJ DJ SK SQ S7 HK H8 DK D8],SHD,3,0,0,0,0,0,[CK HQ],7,0.0000
[HJ CT S9 S7 HT HK DK DQ D8 D7],H,2,0,1,0,0,0,[SJ SA],13,0.0000
[DJ CK ST SQ H9 H8 H7 DA D9 D7],D,2,1,1,0,0,0,[CT C8],10,0.0000
[CT CK C8 ST S7 HA HK DA DK D8],-,3,2,1,0,0,0,[HT HQ],13,0.0000
[CT CK HA HT HK H8 DT DK D8 D7],-,2,1,2,1,2,0,[C8 S9],0,0.0000
[CJ SJ CK C9 SA S8 S7 HK HQ DQ],CS,4,1,0,0,0,0,[SK D8],4,0.0000
[DJ CT CK CQ SA ST SK SQ H9 DT],D,4,1,2,1,0,0,[SJ S7],2,0.0000
[SJ CA C8 SQ S7 HQ H9 H8 DQ D7],S,3,0,0,0,0,0,[C9 HT],10,0.0000
[CA CQ C8 SA ST SK HK H8 DK D8],-,3,1,1,1,0,0,[C9 DA],11,0.0000
[SJ C8 C7 SA SK S9 HA HK H8 DT],S,3,2,1,0,0,0,[HT H9],10,0.0200
[CJ SJ CQ C8 ST SK SQ HQ D9 D7],CS,4,0,1,0,0,0,[S7 DQ],3,0.0000
[CJ SJ HJ CT C8 C7 SA HT HK H8],CSH,6,1,1,0,1,0,[S7 D8],0,0.9400
[SJ CA SA ST SK SQ S9 DA D8 D7],S,2,2,1,1,1,0,[CQ H7],3,0.0000
[SJ CA CQ C8 SK S8 HQ H7 DT DQ],S,4,0,1,0,0,0,[C9 HA],11,0.0000
[SJ HJ CQ C8 ST SQ S8 HK H9 D8],SH,4,0,1,0,0,0,[SK DK],8,0.0000
[CA C9 C7 SA S9 HT H7 DK DQ D9],-,3,1,1,0,0,0,[CJ DA],13,0.0000
[HJ CK C8 ST S9 S8 HQ H9 H7 DA],H,3,1,1,0,0,0,[C7 DT],10,0.0000
[DJ CT SK SQ S9 S8 S7 HK D9 D7],D,2,0,0,0,0,0,[CK H8],4,0.0000
[SJ CT ST S7 HA HQ H8 DT DK D9],S,2,1,2,0,1,0,[HJ H7],2,0.0000
[SJ DJ C9 SQ S7 HA HQ H9 D8 D7],SD,3,1,0,0,0,0,[ST DK],14,0.0000
[CQ C9 C8 C7 S7 HA HT DA DQ D8],-,4,2,1,1,0,0,[HK D7],4,0.0000
[CQ C8 ST H9 H8 H7 DA DT DK D7],-,2,1,2,1,1,0,[S7 D9],0,0.0000
[HJ CA CT CK SA S8 HQ H9 H7 D8],H,4,1,0,0,0,0,[DJ DT],12,0.0000
[CK C9 SK S8 S7 HT HQ H7 D9 D8],-,2,0,1,0,0,0,[C7 DK],4,0.0000
[SJ HJ DJ CQ C9 ST S9 HT DQ D9],SHD,5,0,2,0,0,0,[CJ D8],2,0.0000
[DJ CT CQ ST SK H9 H8 H7 DA DT],D,3,1,2,1,0,0,[S9 D9],0,0.0000
[DJ CT ST S9 S7 HA HT HQ H8 D9],D,2,1,2,1,0,0,[C7 SQ],3,0.0000
[DJ CA CQ C8 ST SK SQ S8 S7 D9],D,4,0,1,0,1,0,[DA D8],11,0.0000
[CJ HJ DJ CA C9 ST SQ S9 DT DK],CHD,5,0,2,0,0,0,[SA H8],11,0.1300
[SJ SQ HA HT HK H7 DT DK D8 D7],S,1,1,2,1,2,0,[CA C8],11,0.0000
[DJ CT ST S8 S7 HK H7 DA DK DQ],D,2,1,1,0,0,0,[CK HA],15,0.0000
[SJ HJ CA CK C7 SQ S9 HQ DQ D7],SH,5,0,0,0,0,0,[H8 DK],4,0.0000
[DJ CA C8 SK HT HK HQ H9 D8 D7],D,3,0,1,0,1,0,[ST H7],10,0.0000
[CJ SJ C8 C7 SQ S9 H8 DQ D9 D8],CS,4,0,0,0,0,0,[HQ DA],14,0.0000
[SJ CA CQ C7 SA ST SK HA DA DK],S,4,3,1,1,0,0,[S7 DQ],3,0.6900
[CK C9 C7 ST SK S8 HK H8 DT D7],-,3,0,2,0,1,0,[S9 DK],4,0.0000
[CA CT CQ SQ S7 HA HQ H7 DK D7],-,3,1,0,0,0,0,[DJ ST],12,0.0000
[HJ CA CK C8 C7 HK HQ H8 H7 DQ],H,5,0,0,0,0,0,[SQ D8],3,0.0000
[CT C9 S9 S8 S7 HA HT HQ H8 DK],-,2,1,1,1,0,0,[DT D8],10,0.0000
[SJ HJ CK CQ C8 SK H9 H7 DA DT],SH,5,1,1,1,0,0,[ST D9],10,0.0000
[CJ HJ CA CQ C9 SA ST S8 HT HQ],CH,5,1,2,1,0,0,[H8 DQ],3,0.5100
[CK C9 C7 ST SQ S9 HT HQ H8 D7],-,3,0,2,0,0,0,[CJ DT],12,0.0000
[CT C8 ST SK SQ S8 S7 HA DK D8],-,2,1,1,0,1,0,[DJ DT],12,0.0000
[HJ CK C9 SK H8 DT DK DQ D9 D7],H,3,0,1,0,1,0,[SA H7],11,0.0000
[DJ CT C8 SA S7 HQ H8 H7 DA DT],D,3,2,1,1,0,0,[C7 SK],4,0.0000
[CJ CK C7 SK S8 S7 HT H9 H7 DA],C,3,1,1,0,0,0,[CT DT],20,0.0000
[CA CT CK C8 ST SK S9 S8 HT HQ],-,4,0,2,0,1,0,[CJ H7],2,0.0000
[SJ C9 SA SK S9 HA H8 DA DQ D9],S,2,3,0,0,0,0,[C7 HT],10,0.0000
[DJ CA C9 SK S8 S7 HA HQ H8 H7],D,3,1,0,0,0,0,[CQ SA],14,0.0000
[CA CK C8 SK SQ S9 S7 HT D9 D7],-,3,0,1,0,0,0,[HJ H9],2,0.0000
[CQ C9 ST S9 HT HQ H9 H8 H7 DQ],-,2,0,2,0,0,0,[HK D9],4,0.0000
[CK C7 SA SQ S8 S7 HT H9 DA DK],-,2,2,1,0,0,0,[DJ ST],12,0.0000
[HJ CT CK C9 S9 S8 S7 H9 DA D7],H,4,1,0,0,0,0,[SJ SK],6,0.0000
[CJ C8 C7 SK HK HQ H9 H7 D9 D7],C,3,0,0,0,0,0,[DA DQ],14,0.0000
[CJ HJ CT C8 C7 SK HQ H9 D9 D7],CH,5,0,0,0,0,0,[SJ DA],13,0.0000
[CJ SJ DJ CA ST SK S8 H8 D9 D7],CSD,4,0,1,0,1,0,[CT DA],21,0.0100
[SJ CA CQ C9 SQ HT HQ H9 DA D8],S,4,1,1,0,0,0,[ST HA],21,0.0000
[CA C9 SA ST S9 S7 HK DT DQ D9],-,2,1,2,1,0,0,[SK S8],4,0.0000
[SJ HJ DJ CA CK CQ S7 HK H7 DT],SHD,6,0,1,0,0,0,[S9 HT],10,0.0000
[SJ HJ CT CK C9 C8 C7 ST SQ DT],SH,7,0,2,0,0,0,[HK DA],15,0.0900
[CK CQ C9 C7 SA SK HA HQ DA D9],-,4,3,0,0,0,0,[SJ S7],2,0.0000
[CA C9 SA SK HT H9 H8 DT D9 D8],-,2,1,2,0,0,0,[HA DA],22,0.0000
[CJ CT CK C9 C7 ST SK H8 DT DK],C,5,0,2,0,0,0,[HJ SQ],5,0.0000
[CJ CT CQ ST SK S7 HA HQ H7 D8],C,3,1,1,0,1,0,[C8 DA],11,0.0000
[HJ DJ SQ S8 HK H9 H7 DA DT D8],HD,2,1,1,1,0,0,[ST H8],10,0.0000
[S7 HT HK HQ H9 H8 H7 DT DQ D8],-,0,0,2,0,1,0,[CA SK],15,0.0000
[SJ CT CK ST S8 HQ H8 DT DK D7],S,3,0,2,0,1,0,[CA SK],15,0.0000
[CJ C9 S9 S8 S7 HA HT HK H9 DK],C,2,1,1,1,1,0,[CQ ST],13,0.0000
[HJ C9 SQ S8 HA H9 DT DQ D8 D7],H,2,1,1,0,0,0,[S7 D9],0,0.0000
[SJ CA C9 SK S7 H9 H8 DA DQ D8],S,3,1,0,0,0,0,[HQ H7],3,0.0000
[SJ CA CQ ST SQ S7 HQ DA DQ D9],S,3,1,1,0,0,0,[C9 SK],4,0.0000
[CJ CT C9 C8 HA HT H8 DK D9 D8],C,4,1,1,1,0,0,[C7 SA],11,0.0000
[CJ SJ HJ DJ CA C9 SK H9 DQ D8],CSHD,6,0,0,0,0,0,[SQ DT],13,0.0100
[DJ CT CK ST SK SQ H9 H7 DA D8],D,3,1,1,0,0,0,[C7 HK],4,0.0000
[SJ C8 SA SK S9 HK H9 H7 DK D8],S,2,1,0,0,0,0,[HA HQ],14,0.0000
[CJ CA CQ C9 SK SQ S7 HA HK H9],C,4,1,0,0,0,0,[ST D9],10,0.0000
[DJ CT C8 SA S9 S7 HK H7 DA DT],D,3,2,1,1,0,0,[CQ DK],7,0.0000
[SJ C9 C7 SQ S9 HK H8 H7 D9 D8],S,3,0,0,0,0,0,[S7 HQ],3,0.0000
[CJ CT CK C7 SQ HQ DK DQ D9 D8],C,4,0,0,0,0,0,[CQ DA],14,0.0000
[CK CQ C7 SK SQ S9 S7 DT DQ D9],-,3,0,1,0,0,0,[SA D8],11,0.0000
[DJ CA CK CQ ST HA H7 DA DK D8],D,4,2,1,0,0,0,[SA SK],15,0.0000
[HJ DJ ST SQ S8 HA HQ DA DK DQ],HD,2,2,1,0,0,0,[CJ C8],2,0.0000
[CJ HJ C7 S9 S7 HT H8 DA DT D7],CH,3,1,2,1,0,0,[SA SQ],14,0.0000
[CJ HJ CA C9 C7 SA ST DA DK D8],CH,5,2,1,1,0,0,[H9 D9],0,0.9000
[HJ C8 ST S9 S8 DA DT DK D9 D7],H,2,1,2,1,1,0,[C9 H9],0,0.0000
[HJ CA C9 SQ HA HK H8 H7 D8 D7],H,3,1,0,0,0,0,[ST DT],20,0.0000
[CJ SA SQ S8 S7 HT H7 DQ D8 D7],C,1,1,1,0,0,0,[SK D9],4,0.0000
[CJ CA CT HA HK H7 DT DK D9 D8],C,3,1,1,0,1,0,[S8 D7],0,0.0000
[CJ DJ C9 SA ST SQ S7 HK HQ DQ],CD,3,1,1,1,0,0,[SJ DT],12,0.0000
[DJ CQ C9 SQ S8 HQ H9 DT DQ D8],D,3,0,1,0,0,0,[SK H8],4,0.0000
[CJ DJ CA CT C8 SA HT H9 DK D7],CD,5,1,1,0,0,0,[DA D9],11,0.0700
[CA CT C8 ST SQ HK H8 H7 DA DT],-,3,1,2,1,0,0,[DJ DK],6,0.0000
[CJ SJ CT ST SQ HA HT H9 DQ D7],CS,3,1,2,1,0,0,[CA DK],15,0.0000
[C8 S9 S8 HT H8 H7 DA DK DQ D7],-,1,1,1,0,0,0,[S7 D9],0,0.0000
[CQ ST SK S8 HQ H9 H8 DK DQ D9],-,1,0,1,0,1,0,[CK D8],4,0.0000
[CJ SJ DJ C9 C8 SK SQ HA HQ D9],CSD,5,1,0,0,0,0,[S7 HT],10,0.0500
[CA CT CQ ST SQ S8 HT H7 DA D9],-,3,1,2,0,0,0,[SJ DK],6,0.0000
[HJ DJ CQ SK SQ HA HQ H9 DQ D8],HD,3,1,0,0,0,0,[CA HK],15,0.0000
[CJ HJ DJ CK SQ S8 H9 DT DK DQ],CHD,4,0,1,0,0,0,[H7 DA],11,0.0000
[SJ C9 SA ST S8 H8 H7 DT DK D7],S,2,1,2,1,1,0,[HT DQ],13,0.0000
[SJ DJ C8 ST S9 S8 S7 HA H9 DA],SD,3,2,1,0,0,0,[HJ D9],2,0.0000
[SJ HJ DJ CA C9 SA ST SK HQ D7],SHD,5,1,1,1,0,0,[C7 HK],4,0.6100
[CJ HJ DJ CK SK S7 HT H9 D9 D7],CHD,4,0,1,0,0,0,[C7 S8],0,0.0000
[CJ HJ CA CT C8 S9 H9 DT DK D7],CH,5,0,1,0,1,0,[SJ CQ],5,0.0800
[HJ DJ CT CQ C8 SK HT H8 DQ D7],HD,5,0,1,0,0,0,[SJ CK],6,0.0000
[CJ CA CT CK HT HQ H8 D9 D8 D7],C,4,0,1,0,0,0,[SJ H7],2,0.0000
[CJ C7 SQ S9 HK HQ H9 H8 D9 D8],C,2,0,0,0,0,0,[DJ S7],2,0.0000
[CJ SJ HJ DJ SQ HK H7 DA DT D9],CSHD,4,1,1,1,0,0,[CK CQ],7,0.5200
[C9 ST SK SQ S7 HA DT DQ D8 D7],-,1,1,2,0,1,0,[HT H7],10,0.0000
[SJ CT SA SK S7 HK HQ H9 DQ D7],S,2,1,0,0,0,0,[C7 S8],0,0.0000
[DJ CK CQ C9 SA S9 S8 HA HT HQ],D,4,2,1,1,0,0,[C7 D7],0,0.0100
[HJ CT CQ C9 ST S8 HA H8 H7 DK],H,4,1,1,0,0,0,[SQ DT],13,0.0000
[CJ CA CQ C7 ST S7 HK DT DK D8],C,4,0,2,0,1,0,[HQ H8],3,0.0000
[CJ CK CQ ST S9 HT HK H7 DK D8],C,3,0,2,0,1,0,[C8 DQ],3,0.0000
[CJ SJ DJ ST S9 S8 H9 H8 DK D9],CSD,3,0,1,0,0,0,[C7 D8],0,0.0000
[SK SQ S9 S8 S7 HA HQ H9 D9 D7],-,0,1,0,0,0,0,[HK DK],8,0.0000
[CA CT CK C9 ST S9 S7 H7 DK D9],-,4,0,1,0,0,0,[C8 C7],0,0.0000
[CJ CK CQ SK HQ H9 DT DQ D8 D7],C,3,0,1,0,0,0,[C9 S8],0,0.0000
[HJ CK CQ C8 SA ST SQ HK D8 D7],H,4,1,1,1,0,0,[SJ HT],12,0.0000
[CT CQ SA SK S9 HA H9 H7 DA D7],-,2,3,0,0,0,0,[SQ DT],13,0.0000
[HJ CA C9 SK SQ HK H8 DA DK DQ],H,3,1,0,0,0,0,[C7 H7],0,0.0000
[HJ CA CK C8 SQ S9 S8 H9 H7 DK],H,4,0,0,0,0,0,[C9 D7],0,0.0000
[CJ SJ CK SQ HT HK H9 H7 DQ D9],CS,3,0,1,0,1,0,[CT SK],14,0.0000
[CJ C9 S8 S7 HT HK HQ H7 DK D8],C,2,0,1,0,1,0,[CA C7],11,0.0000
[DJ CA CK C7 SK S7 HK H9 DA D9],D,4,1,0,0,0,0,[HQ DQ],6,0.0000
[CJ HJ CQ C8 SA ST HK H7 DK D7],CH,4,1,1,1,0,0,[HQ D9],3,0.0000
[SJ HJ DJ CA C9 C8 SK S7 HT H9],SHD,6,0,1,0,0,0,[SA HQ],14,0.0700
[HJ CA CK C7 ST S7 HA HT DQ D9],H,4,1,2,1,0,0,[HQ H7],3,0.0000
[SJ DJ CK CQ C8 HT HK HQ H8 DA],SD,5,1,1,0,1,0,[CJ D9],2,0.2500
[SJ HJ CA C8 ST S9 HT DT D9 D8],SH,4,0,3,0,0,0,[CQ D7],3,0.0000
[CJ SJ ST SQ S7 HA HT DA DK D8],CS,2,2,2,1,0,0,[S9 D7],0,0.0700
[DJ CA SQ S8 HA HQ H8 DK DQ D7],D,2,1,0,0,0,0,[C8 HK],4,0.0000
[CJ SJ CA C9 C7 SA ST S7 HQ H7],CS,5,1,1,1,0,0,[H8 DK],4,0.6400
[DJ CT C9 SK SQ S8 S7 HA H9 DQ],D,3,1,0,0,0,0,[HT D7],10,0.0000
[CK SA ST SQ S9 HT HQ DA DT DQ],-,1,2,3,2,0,0,[SK S8],4,0.0000
[CQ SK HT HQ H9 H8 H7 DA DT DK],-,1,1,2,1,0,0,[CJ D9],2,0.0000
[SJ DJ CQ SA S8 HK H9 H8 D8 D7],SD,3,1,0,0,0,0,[HJ DA],13,0.0000
[HJ DJ CA CT CK C8 C7 HQ DA DT],HD,7,1,1,1,0,0,[ST SK],14,0.9800
[CJ HJ CT C9 SA ST HA DA DK DQ],CH,4,3,1,1,0,0,[DJ H9],2,0.8000
[CJ DJ CT CQ C9 SQ S7 HQ H9 D7],CD,5,0,0,0,0,0,[CK DQ],7,0.0000
[SJ CA SA ST HA HK HQ H8 D8 D7],S,2,2,1,1,0,0,[HT DA],21,0.0000
[SJ CT C9 C8 SA ST S9 H8 H7 DA],S,4,2,1,1,0,0,[HQ D9],3,0.0500
[CJ SJ DJ C9 C7 SA ST S8 HK DA],CSD,5,2,1,1,0,0,[CA CQ],14,0.8900
[HJ CT SQ S9 HT HK H8 DA DT D8],H,2,1,2,1,1,0,[C9 D7],0,0.0000
[SJ CA CK CQ C9 C7 S9 S8 D8 D7],S,6,0,0,0,0,0,[HJ HK],6,0.0000
[CJ SJ CA CK C7 SA ST S9 HT DK],CS,5,1,2,1,0,0,[CQ HQ],6,0.3800
[CJ CT C8 SK S9 HA HK H7 DK D7],C,3,1,0,0,0,0,[SQ S7],3,0.0000
[HJ CA C7 S7 HT HK HQ DT DQ D8],H,3,0,2,0,0,0,[DJ D7],2,0.0000
[HJ CT C7 ST SK S8 HT DT D8 D7],H,3,0,3,0,1,0,[C8 S9],0,0.0000
[SJ HJ CK C9 SK S8 HK H9 DK D9],SH,4,0,0,0,0,0,[C8 H7],0,0.0000
[CT CK SA ST SK HK HQ H9 DT D9],-,2,1,2,1,0,0,[SJ CQ],5,0.0000
[CT SQ S9 S8 HK H9 DA DT D9 D7],-,1,1,1,1,0,0,[DJ H8],2,0.0000
[HJ C8 C7 SA ST SK S8 S7 HA DT],H,3,2,2,1,1,0,[CJ DA],13,0.0000
[SJ CT CQ C8 C7 S7 HA HQ H7 DA],S,5,2,0,0,0,0,[HJ D8],2,0.1400
[CJ CK SA SQ S8 HT HK H8 DT DK],C,2,1,2,0,1,0,[DJ HA],13,0.0000
[DJ CQ C9 SA SQ S8 S7 H9 DK DQ],D,3,1,0,0,0,0,[CT D8],10,0.0000
[CA CK C8 S9 S8 HA HK HQ H9 DQ],-,3,1,0,0,0,0,[DJ C9],2,0.0000
[DJ CK CQ C8 SA ST SQ S8 H7 DT],D,4,1,2,1,0,0,[CT S9],10,0.0000
[HJ DJ CQ C8 SQ S9 S8 DA D8 D7],HD,4,1,0,0,0,0,[SJ CA],13,0.0000
[SJ DJ CK C8 S8 S7 HT H9 DQ D8],SD,4,0,1,0,0,0,[CA SA],22,0.0000
[CJ DJ C9 C8 SK HA H8 DQ D9 D8],CD,4,1,0,0,0,0,[CK C7],4,0.0000
[HJ DJ CK CQ C8 C7 HT H7 DT D8],HD,6,0,2,0,0,0,[CT HA],21,0.0100
[SJ CT C9 ST HT HK H9 H8 DA DK],S,3,1,2,0,1,0,[SQ HQ],6,0.0000
[HJ DJ CT S9 S8 S7 HA H9 H8 D7],HD,3,1,0,0,0,0,[HQ DQ],6,0.0000
[SJ HJ CA C8 HA HK HQ DA D8 D7],SH,4,2,0,0,0,0,[DJ H8],2,0.1500
[CJ CK C9 C7 SA SK S8 HK H7 DK],C,4,1,0,0,0,0,[S7 HT],10,0.0000
[CJ SJ CQ C9 SA S7 H7 DA DT D9],CS,4,2,1,1,0,0,[CA CT],21,0.3500
[CJ DJ CA CT C8 SK S8 H8 DK D9],CD,5,0,0,0,0,0,[SQ S9],3,0.0000
[SJ C9 C7 SA SQ HT DA D9 D8 D7],S,3,2,1,0,0,0,[ST S8],10,0.0100
[SJ DJ CK C9 C8 C7 H9 DK DQ D9],SD,6,0,0,0,0,0,[S8 H7],0,0.0100
[CJ SJ C8 SK SQ S8 HQ DA DK D7],CS,3,1,0,0,0,0,[HK DQ],7,0.0000
[HJ DJ C9 C8 SA ST SK S8 HA H8],HD,4,2,1,1,1,0,[C7 DT],10,0.0700
[SJ HJ CT CQ SQ S9 S7 HA DT D8],SH,4,1,1,0,0,0,[DA DK],15,0.0000
[CJ SJ CA CT CQ C7 S8 HT H7 D8],CS,6,0,1,0,0,0,[DJ S7],2,0.0500
[CJ HJ CT CQ SA S9 S7 H9 D8 D7],CH,4,1,0,0,0,0,[S8 HK],4,0.0000
[CJ CA CT C8 C7 S8 H7 DK D8 D7],C,5,0,0,0,0,0,[HK HQ],7,0.0100
[DJ CT C9 C7 ST HK HQ H8 H7 D8],D,4,0,1,0,0,0,[C8 SA],11,0.0000
[SJ CA C9 SA ST SK SQ HA HK DT],S,3,2,2,1,0,0,[H9 DQ],3,0.0000
[CJ HJ CK C9 C7 SA HA DA DK DQ],CH,5,3,0,0,0,0,[DJ HQ],5,0.8600
[DJ S7 HT HK HQ H9 DT DK D9 D7],D,1,0,2,0,2,0,[CQ C7],3,0.0000
[CJ DJ CT CQ ST HT HQ H9 H7 DT],CD,4,0,3,0,0,0,[CA DQ],14,0.0000
[SJ CA ST S7 HA HQ H9 DT D9 D8],S,2,1,2,0,0,0,[DJ SA],13,0.0000
[SJ DJ C7 HK HQ H9 H7 DA DT D8],SD,3,1,1,1,0,0,[SQ HA],14,0.0000
[CK C9 C8 SQ S9 S8 HT HK H8 DK],-,3,0,1,0,1,0,[HJ H9],2,0.0000
[CJ DJ CK C8 S9 S8 HT H9 H8 D9],CD,4,0,1,0,0,0,[SK D8],4,0.0000
[CJ CT C7 SA S8 HT H8 DK D8 D7],C,3,1,1,0,0,0,[S9 HA],11,0.0000
[CJ SJ CQ C8 C7 ST S9 H7 DT D9],CS,5,0,2,0,0,0,[HA HK],15,0.0000
[CT ST SK S9 S8 HA HT DA DT D7],-,1,2,3,2,1,0,[C9 C8],0,0.0000
[CJ HJ CA CT CK CQ SA S7 HK DA],CH,6,2,0,0,0,0,[C9 DQ],3,0.8500
[CJ HJ CA CK C9 C8 S9 HT DA DK],CH,6,1,1,0,0,0,[CT DT],20,0.1900
[DJ CQ C9 ST S8 HK H7 DK DQ D7],D,3,0,1,0,0,0,[C8 S7],0,0.0000
[CJ DJ CA CK C7 SK SQ S8 HK D7],CD,5,0,0,0,0,0,[HA DK],15,0.0000
[CK C8 C7 SQ HT HK H9 DA DQ D8],-,3,1,1,0,1,0,[S9 HQ],3,0.0000
[SJ CA CK SA ST S7 HA H7 D9 D7],S,3,2,1,1,0,0,[CT HK],14,0.0100
[CJ HJ CK SA SQ S9 H7 DA DT DK],CH,3,2,1,1,0,0,[C8 D9],0,0.0200
[CJ HJ CQ SQ HA HT HQ H7 D8 D7],CH,3,1,1,1,0,0,[C7 H9],0,0.0000
[CK C9 C8 C7 SA SQ HA DK DQ D8],-,4,2,0,0,0,0,[HT HQ],13,0.0000
[HJ CA C9 C8 SA S9 S7 HQ D9 D7],H,4,1,0,0,0,0,[SJ HT],12,0.0000
[CJ HJ CK C9 SK SQ S9 HT H8 D8],CH,4,0,1,0,0,0,[HA HK],15,0.0000
[DJ CQ C9 C8 C7 ST S9 HA HK D9],D,5,1,1,0,0,0,[SQ HQ],6,0.0000
[SJ DJ C8 C7 SQ S8 HA H9 DA D8],SD,4,2,0,0,0,0,[CA DK],15,0.0000
[HJ CQ C7 SK S9 S8 S7 H8 DK DQ],H,3,0,0,0,0,0,[D9 D7],0,0.0000
[SJ DJ CK C9 C8 C7 ST S9 HA HK],SD,6,1,1,0,0,0,[HJ D9],2,0.1000
[CA CK C9 C8 S9 HT HQ H7 DQ D9],-,4,0,1,0,0,0,[CQ S8],3,0.0000
[DJ CA CT CQ C9 C8 S8 HK D9 D7],D,6,0,0,0,0,0,[SK D8],4,0.0000
[HJ DJ C7 S8 HA HT H9 DK DQ D8],HD,3,1,1,1,0,0,[SA DT],21,0.0000
[CJ SJ DJ CA C9 SK S8 H7 D9 D8],CSD,5,0,0,0,0,0,[ST HQ],13,0.0000
[SJ HJ C9 C7 ST SK S9 S7 HA HK],SH,4,1,1,0,1,0,[DJ CA],13,0.0000
[CJ C8 C7 SA ST H9 H8 DT DK D8],C,3,1,2,1,1,0,[HQ DQ],6,0.0000
[CJ HJ DJ CQ C7 ST HA HT H9 D9],CHD,5,1,2,1,0,0,[H8 DT],10,0.1700
[CA C7 SA SK S9 HA H9 DA DT DK],-,2,3,1,1,0,0,[HJ H8],2,0.0200
[DJ C8 C7 S8 S7 HQ H8 H7 D8 D7],D,3,0,0,0,0,0,[C9 SK],4,0.0000
[HJ CT C9 SA HT HK H7 DQ D9 D7],H,3,1,1,0,1,0,[C7 H9],0,0.0000
[HJ CT CQ C8 ST S7 HK H8 DK D8],H,4,0,1,0,0,0,[CA HA],22,0.0000
[C9 ST SK SQ S8 H8 DA DK DQ D9],-,1,1,1,0,1,0,[S7 HK],4,0.0000
[CT CK C9 SA SQ S7 HQ DA D9 D7],-,3,2,0,0,0,0,[DJ DK],6,0.0000
[CJ SJ DJ CK SA S9 S8 HK H7 D9],CSD,4,1,0,0,0,0,[DT D8],10,0.0100
[CJ HJ CT CQ C7 SA H7 DT DQ D7],CH,5,1,1,0,0,0,[HT HK],14,0.1700
[C8 SA ST S8 S7 H9 H8 DA DQ D8],-,1,2,1,1,0,0,[C7 SK],4,0.0000
[CJ HJ CT C9 SA S9 HA H7 DK D8],CH,4,2,0,0,0,0,[C8 SQ],3,0.0100
[CJ CT CQ SA SK SQ S9 S7 DK D8],C,3,1,0,0,0,0,[HA D7],11,0.0000
[SJ HJ DJ CK C7 HK H9 DK D8 D7],SHD,5,0,0,0,0,0,[SK DQ],7,0.0100
[HJ CK C9 SA SK S9 S7 H8 DT D8],H,3,1,1,0,0,0,[CT SQ],13,0.0000
[HJ CA CQ C7 S8 HK H8 DK D9 D7],H,4,0,0,0,0,0,[H7 D8],0,0.0000
[CK CQ C8 C7 ST HT DT D9 D8 D7],-,4,0,3,0,0,0,[DJ DA],13,0.0000
[CJ HJ C8 ST SK S7 HK H9 DK D8],CH,3,0,1,0,1,0,[CK H7],4,0.0000
[CK C7 SK SQ S7 HT HQ DQ D9 D7],-,2,0,1,0,0,0,[CJ C8],2,0.0000
[SJ CQ C9 C7 S9 S7 H9 H8 DK D7],S,4,0,0,0,0,0,[CJ D8],2,0.0000
[SJ DJ CK CQ C7 SK HT H7 DT DQ],SD,5,0,2,0,0,0,[S8 D8],0,0.0000
[HJ CK CQ C9 C8 SA HT DA DK D8],H,5,2,1,0,0,0,[CT H8],10,0.0500
[CJ CK CQ C9 S9 S8 HA H8 DK D7],C,4,1,0,0,0,0,[CA H7],11,0.0000
[SJ HJ CA CK C9 ST S9 S8 H7 D9],SH,5,0,1,0,0,0,[SA DK],15,0.0400
[CJ DJ CA CT CK C9 C7 HT DT DQ],CD,7,0,2,0,0,0,[SJ S7],2,0.3400
[DJ CQ SA S8 S7 HK H7 DT D9 D8],D,2,1,1,0,0,0,[SQ HT],13,0.0000
[HJ CA CK C9 C8 C7 S7 HT H8 DA],H,6,1,1,0,0,0,[DQ D9],3,0.0100
[DJ CQ C7 SK S7 HK HQ H8 DK DQ],D,3,0,0,0,0,0,[CA C8],11,0.0000
[SJ C7 SA ST S9 HK H9 D9 D8 D7],S,2,1,1,1,0,0,[HA DK],15,0.0000
[C9 S7 HT HK H7 DK DQ D9 D8 D7],-,1,0,1,0,1,0,[CA HQ],14,0.0000
[CJ DJ CT C8 SQ S8 HA HK H7 DQ],CD,4,1,0,0,0,0,[C7 D8],0,0.0000
[CJ DJ CA C9 ST S7 HK DT D9 D7],CD,4,0,2,0,0,0,[SJ C8],2,0.0000
[HJ CQ C7 ST SQ S8 HA HQ H7 DK],H,3,1,1,0,0,0,[DJ SA],13,0.0000
[CJ HJ DJ CA CT C9 C8 S9 S8 HK],CHD,7,0,0,0,0,0,[SJ D9],2,0.3400
[SJ DJ CA CT CQ C8 HQ H9 H8 DK],SD,6,0,0,0,0,0,[HA D9],11,0.0300
[CJ SJ HJ DJ CA C7 ST SK DA D7],CSHD,6,1,1,0,0,0,[C8 S9],0,1.0000
[SA ST S9 H8 H7 DA DT DQ D8 D7],-,0,2,2,2,0,0,[SJ HA],13,0.0000
[CJ CA C8 C7 S9 S8 HA DT D9 D7],C,4,1,1,0,0,0,[SA DQ],14,0.0000
[CJ HJ CT C8 SA S7 H9 DK D9 D8],CH,4,1,0,0,0,0,[HA DQ],14,0.0000
[HJ CT CK SA SQ S9 S7 HA HK H7],H,3,2,0,0,0,0,[CJ C8],2,0.0000
[SJ CQ SK S9 HT HK H9 DT DQ D8],S,2,0,2,0,1,0,[CK C9],4,0.0000
[HJ CK CQ S9 S7 HA HK HQ D8 D7],H,3,1,0,0,0,0,[SK H9],4,0.0000
[CA C9 SA SQ S9 HA HT HQ DK D8],-,2,2,1,1,0,0,[S8 HK],4,0.0000
[CJ HJ CA C7 SQ S8 S7 HA DA DT],CH,4,2,1,1,0,0,[CQ HQ],6,0.4100
[CJ CA CK C9 SA S8 DA D9 D8 D7],C,4,2,0,0,0,0,[SQ DK],7,0.1700
[DJ C9 C7 ST S9 S8 HA HK H9 DA],D,3,2,1,0,0,0,[CQ D9],3,0.0000
[SJ CT SK S8 HA HK HQ H7 DA D8],S,2,2,0,0,0,0,[SA HT],21,0.0000
[CJ SJ HJ CA C9 S9 S8 HQ DT D9],CSH,5,0,1,0,0,0,[CT SK],14,0.0000
[ST SK S8 HA HT HK H9 DA DK D9],-,0,2,2,1,2,0,[DJ H7],2,0.0000
[CK C7 ST SK SQ S8 H7 DQ D8 D7],-,2,0,1,0,1,0,[CQ DA],14,0.0000
[CJ DJ CT SA ST SQ S9 S8 HK H7],CD,3,1,1,1,0,0,[CK C9],4,0.0000
[CJ HJ DJ SA S9 HA DK D9 D8 D7],CHD,3,2,0,0,0,0,[ST S8],10,0.0100
[CT S9 S8 HQ DA DT DQ D9 D8 D7],-,1,1,1,1,0,0,[CJ CQ],5,0.0000
[CJ CQ C9 C8 S7 HQ H8 H7 D8 D7],C,4,0,0,0,0,0,[ST HA],21,0.0000
[CJ HJ CA CT CK CQ S7 DT D9 D8],CH,6,0,1,0,0,0,[HQ H9],3,0.3300
[SJ CA CQ C8 SK HT H9 DQ D8 D7],S,4,0,1,0,0,0,[HK D9],4,0.0000
[SJ HJ C9 C8 C7 SA SK S8 HK H9],SH,5,1,0,0,0,0,[H8 DA],11,0.0200
[CJ CA CQ C9 ST HK H9 DT D9 D8],C,4,0,2,0,0,0,[HJ C8],2,0.0000
[CJ DJ CQ C9 C8 HA H8 DQ D8 D7],CD,5,1,0,0,0,0,[S9 HQ],3,0.0000
[CA CT CQ SA SK HA HK HQ H7 D7],-,3,2,0,0,0,0,[CK SQ],7,0.0000
[CJ HJ DJ CK CQ C9 C8 SQ S9 S8],CHD,7,0,0,0,0,0,[HA HT],21,0.5800
[HJ CA C7 SK S9 S8 HT H9 DT DK],H,3,0,2,0,0,0,[CK HK],8,0.0000
[CT C9 SA S8 HT HK H9 H8 DT D7],-,2,1,2,0,1,0,[HA DA],22,0.0000
[SJ DJ CA CK CQ SK HA HQ H7 DA],SD,5,2,0,0,0,0,[C9 H8],0,0.3200
[CJ SJ CT C9 S7 HT H9 H7 DQ D7],CS,4,0,1,0,0,0,[HJ C7],2,0.0000
[C8 C7 ST H9 H8 DK DQ D9 D8 D7],-,2,0,1,0,0,0,[S9 DA],11,0.0000
[HJ DJ CK SA S8 S7 HK HQ H8 DQ],HD,3,1,0,0,0,0,[C7 H7],0,0.0000
[CJ HJ CA CK SK S9 S7 HA HQ H8],CH,4,1,0,0,0,0,[CT H7],10,0.0100
[CT CK SK HK HQ H8 H7 DA D9 D8],-,2,1,0,0,0,0,[ST SQ],13,0.0000
[DJ CK CQ C8 ST H9 H7 DA D8 D7],D,4,1,1,0,0,0,[C7 H8],0,0.0000
[SJ DJ C8 SK S9 HT H8 H7 D9 D7],SD,3,0,1,0,0,0,[CK DA],15,0.0000
[DJ C8 S7 HA HQ H7 DA DT DQ D8],D,2,2,1,1,0,0,[HJ HT],12,0.0000
[CA C9 C8 SA HK HQ H8 DA DK D9],-,3,2,0,0,0,0,[SJ SQ],5,0.0000
[CJ HJ CT C9 SA ST S7 HK D8 D7],CH,4,1,1,1,0,0,[S8 DA],11,0.0000
[HJ DJ CQ SA ST SQ HQ H7 DT DQ],HD,3,1,2,1,0,0,[C9 DK],4,0.0000
[SJ DJ CT C9 SQ S9 S7 HA H8 DT],SD,4,1,1,0,0,0,[HK H7],4,0.0000
[SJ HJ CK C8 C7 SK SQ S9 HQ H7],SH,5,0,0,0,0,0,[ST H9],10,0.0000
[SJ DJ CT CK CQ C7 HT HQ H9 H7],SD,6,0,1,0,0,0,[HK DQ],7,0.5000
[SJ C9 ST S9 S7 HT H9 H7 DA D7],S,2,1,2,0,0,0,[CK DK],8,0.0000
[SJ CK CQ C7 ST S7 HT HK DK DQ],S,4,0,2,0,0,0,[SQ H7],3,0.0000
[HJ CT SK SQ S8 HT H9 H8 DA D9],H,2,1,1,0,0,0,[S9 DQ],3,0.0000
[HJ DJ CQ C8 SK HA HK DT DQ D9],HD,4,1,1,0,0,0,[H9 D7],0,0.0000
[HJ CT C7 ST SQ S8 HQ DK DQ D8],H,3,0,1,0,0,0,[SK S9],4,0.0000
[CJ CK CQ C8 C7 SA ST SQ H7 D8],C,5,1,1,1,0,0,[HT D9],10,0.0300
[CJ SA ST SK HA HQ H8 DK D8 D7],C,1,2,1,1,0,0,[C9 DT],10,0.0000
[DJ CT C7 HA HT HK HQ H9 DA D7],D,3,2,1,1,1,0,[CJ ST],12,0.0000
[CK CQ C8 SQ HT HK H7 DA DT D8],-,3,1,2,1,1,0,[CJ D7],2,0.0000
[DJ CQ C7 ST SK SQ HT DA D8 D7],D,3,1,2,0,0,0,[CJ DK],6,0.0000
[ST SQ S9 S8 DT DK DQ D9 D8 D7],-,0,0,2,0,1,0,[SJ SA],13,0.0000
[HJ CA CQ C8 SA SK S9 S8 HA DK],H,4,2,0,0,0,0,[SJ H7],2,0.0100
[CJ HJ CT CQ C9 SA HQ H9 H8 DQ],CH,5,1,0,0,0,0,[CK D7],4,0.0300
[CJ HJ DJ SK S9 S8 HT HQ H7 DQ],CHD,3,0,1,0,0,0,[DT D8],10,0.0000
[SJ HJ CT C7 S9 S8 H8 H7 DT D9],SH,4,0,1,0,0,0,[C8 H9],0,0.0000
[SJ DJ CK C8 SA SQ S8 HK H9 DQ],SD,4,1,0,0,0,0,[C7 D7],0,0.0000
[SJ HJ CA CQ S8 HK H8 DA D9 D7],SH,4,1,0,0,0,0,[CJ SK],6,0.0000
[HJ CT C9 ST SK HA HT HK H9 H8],H,3,1,2,1,1,0,[H7 DQ],3,0.0000
[SJ DJ CA CK CQ C8 C7 SA SK HA],SD,7,2,0,0,0,0,[S8 DA],11,0.9500
[DJ C8 SK S7 HA HT HK H8 DK D7],D,2,1,1,1,1,0,[C9 HQ],3,0.0000
[CA CK C9 C7 ST SK SQ S8 HT DK],-,4,0,2,0,1,0,[SA DT],21,0.0000
[CT CK C9 C8 SA HA HK DT DQ D9],-,4,2,1,0,0,0,[HJ HQ],5,0.0000
[HJ C9 SA S8 H9 H7 DA DT DQ D7],H,2,2,1,1,0,0,[ST HK],14,0.0000
[CJ CK C8 ST SK S8 DA DT D9 D7],C,3,1,2,1,1,0,[SJ C9],2,0.0000
[SJ CQ ST SQ HT HQ H8 H7 DQ D9],S,2,0,2,0,0,0,[SK S9],4,0.0000
[HJ CK S9 S7 HA HK H9 DA D9 D7],H,2,2,0,0,0,0,[CJ H7],2,0.0000
[CJ HJ DJ CA C8 C7 SA ST DT DK],CHD,6,1,2,1,0,0,[S8 HQ],3,0.9900
[SJ DJ CT C9 C8 HA HT HK H7 DA],SD,5,2,1,1,1,0,[DQ D7],3,0.9000
[CJ CT SA SK S7 HQ H9 H7 DA DQ],C,2,2,0,0,0,0,[HK D7],4,0.0000
[CQ C7 SK SQ S9 S8 HQ H9 DK D7],-,2,0,0,0,0,0,[CJ DA],13,0.0000
[DJ CA C9 C8 S9 HT DA DT DK D9],D,4,1,2,1,1,0,[SJ H8],2,0.0000
[HJ DJ CK CQ SK S8 HA H8 D9 D7],HD,4,1,0,0,0,0,[SJ SA],13,0.0000
[CJ CK SA SK S8 HA H9 DA DK D7],C,2,3,0,0,0,0,[C9 SQ],3,0.0100
[CA C8 C7 ST HA H8 DA D9 D8 D7],-,3,2,1,0,0,0,[SK S8],4,0.0000
[CA CQ C8 SA S8 HT DA DQ D8 D7],-,3,2,1,0,0,0,[CJ H9],2,0.0000
[CA CK CQ C8 SK S9 S7 HK DA D7],-,4,1,0,0,0,0,[SQ HQ],6,0.0000
[CA CK CQ C8 SA S8 HK HQ DA D8],-,4,2,0,0,0,0,[HJ H9],2,0.0000
[HJ CA CT C9 SA ST SQ HA HT HQ],H,4,2,2,2,0,0,[H9 D9],0,0.4400
[SJ CT C9 C7 SK S8 HA H8 H7 D7],S,4,1,0,0,0,0,[DT D8],10,0.0000
[CA CK S8 S7 HT HK H7 DA DT DK],-,2,1,2,1,1,0,[H8 D7],0,0.0000
[HJ SA ST S9 S7 HA HK HQ H8 H7],H,1,2,1,1,0,0,[C9 DA],11,0.0000
[CJ SA ST SQ S9 HA HT HQ H7 DQ],C,1,2,2,2,0,0,[CA DT],21,0.0000
[HJ CT C8 SK SQ HK H7 DA D8 D7],H,3,1,0,0,0,0,[S8 DQ],3,0.0000
[CJ HJ SA ST SK S8 HT H9 DT DK],CH,2,1,3,1,1,0,[DA DQ],14,0.0000
[CA CQ C9 ST S9 S8 HA DT DK D7],-,3,1,2,0,1,0,[C8 S7],0,0.0000
[DJ CA CQ C9 C7 ST SQ H9 H7 DQ],D,5,0,1,0,0,0,[SJ CT],12,0.0000
[DJ CA CT CK SA ST HA H8 DA D8],D,4,3,1,1,0,0,[SQ D9],3,0.6300
[CT CQ C8 C7 SQ HT HK H9 H8 DK],-,4,0,1,0,1,0,[CJ S9],2,0.0000
[CK CQ C8 C7 HK HQ H8 DA DQ D8],-,4,1,0,0,0,0,[CJ ST],12,0.0000
[DJ CA CT CK C8 SA ST SQ HA HK],D,5,2,1,1,0,0,[CJ H7],2,0.8100
[CJ SJ C7 ST HK HQ DT DK D9 D8],CS,3,0,2,0,1,0,[CT D7],10,0.0000
[C9 C7 ST HA HQ H8 DQ D9 D8 D7],-,2,1,1,0,0,0,[CA HK],15,0.0000
[HJ DJ CK C7 S7 HA DA DT DQ D7],HD,4,2,1,1,0,0,[ST SK],14,0.0500
[CJ HJ CT C9 C8 S9 S7 HK DT DQ],CH,5,0,1,0,0,0,[HA HQ],14,0.0000
[SJ HJ CT C8 SQ S9 H8 DT DQ D8],SH,4,0,1,0,0,0,[CK SA],15,0.0000
[DJ C9 C8 SA HA H9 DK D9 D8 D7],D,3,2,0,0,0,0,[SK DA],15,0.0000
[CJ HJ CT CQ C9 SA S7 HK DA D8],CH,5,2,0,0,0,0,[CA ST],21,0.2100
[SJ CA CT CK C8 ST SQ HT HK D8],S,5,0,2,0,0,0,[SA S8],11,0.0000
[DJ CQ C9 SA ST HT H8 DT DK D9],D,3,1,3,1,1,0,[S8 H9],0,0.0000
[HJ CT SA ST SK S9 S8 HA HT D7],H,2,2,2,2,1,0,[DJ C9],2,0.0000
[CJ CK C9 S8 S7 HA HT DA DQ D8],C,3,2,1,1,0,0,[HJ H7],2,0.0100
[HJ CK CQ SA SK SQ S7 HQ H8 DK],H,3,1,0,0,0,0,[C9 H7],0,0.0000
[CJ C8 SA S9 HK H7 DA DK DQ D9],C,2,2,0,0,0,0,[SJ CA],13,0.0000
[DJ C8 SA ST SK SQ HK H9 DA DK],D,2,2,1,1,0,0,[CA D7],11,0.0000
[DJ CT ST SQ HT HK H7 DQ D8 D7],D,2,0,2,0,1,0,[SA H8],11,0.0000
[SJ CA C9 S9 HA HT HK H8 DA DQ],S,3,2,1,1,1,0,[CQ S7],3,0.0000
[SJ DJ C8 S7 HT HQ H7 DK D9 D8],SD,3,0,1,0,0,0,[HJ S8],2,0.0000
[DJ CK ST SQ S9 HT H7 DA DT DK],D,2,1,3,1,0,0,[S8 HK],4,0.0000
[CJ SJ HJ DJ CA CT CK C8 DQ D9],CSHD,8,0,0,0,0,0,[SK H8],4,0.9900
[CT CK C9 SA ST SQ S8 HA HQ DK],-,3,2,1,1,0,0,[DJ C7],2,0.0000
[HJ C8 SA S8 S7 HK H8 DK DQ D8],H,2,1,0,0,0,0,[C7 SQ],3,0.0000
[CJ DJ CK C9 SQ HA HT H8 H7 DT],CD,4,1,2,1,0,0,[DK D8],4,0.0100
[SJ CA C9 C7 SK HA H9 DA DK DQ],S,4,2,0,0,0,0,[CT D7],10,0.0100
[HJ CT CK C8 C7 ST S8 H9 DT D9],H,5,0,2,0,0,0,[HT HK],14,0.0000
[SJ CA CT CQ SA ST S7 HQ DK DQ],S,4,1,1,1,0,0,[CJ H7],2,0.0000
[CJ SJ C9 C8 C7 SA SK HT DA D8],CS,5,2,1,0,0,0,[DJ CA],13,0.3100
[CA CT CK C7 S7 HT H9 H8 H7 DK],-,4,0,1,0,0,0,[DJ S9],2,0.0000
[CT C9 C7 SA S8 HK HQ H7 D9 D8],-,3,1,0,0,0,0,[CJ ST],12,0.0000
[CJ SJ HJ CT S8 HQ H9 DT DQ D9],CSH,4,0,1,0,0,0,[C9 C8],0,0.0000
[DJ CA CK CQ C9 SQ HA HT D8 D7],D,5,1,1,1,0,0,[SA S8],11,0.0000
[SJ C7 SA HA HK HQ DK DQ D8 D7],S,2,2,0,0,0,0,[CK H7],4,0.0000
[CJ CT C8 C7 SQ S8 HT HQ H8 H7],C,4,0,1,0,0,0,[C9 D9],0,0.0000
[HJ SQ S9 HA HK H7 DA DT DQ D9],H,1,2,1,1,0,0,[C7 SA],11,0.0000
[CQ C9 SA ST S9 HT HK H9 H7 D8],-,2,1,2,1,1,0,[C8 DT],10,0.0000
[CT CK C7 SA SK HK HQ DK D9 D7],-,3,1,0,0,0,0,[C9 S7],0,0.0000
[CJ SJ CK CQ SA ST SQ HA H8 D9],CS,4,2,1,1,0,0,[HQ H7],3,0.2800
[DJ C8 ST SQ S7 HA DA DK DQ D9],D,2,2,1,0,0,0,[C7 SK],4,0.0000
[HJ DJ CQ C7 S9 HK HQ H9 D9 D7],HD,4,0,0,0,0,0,[SA S8],11,0.0000
[DJ CT C7 SA HT HQ H8 DK DQ D7],D,3,1,1,0,0,0,[S9 D9],0,0.0000
[CA CQ ST SK SQ S9 HA HT H8 D7],-,2,1,2,1,1,0,[C7 H7],0,0.0000
[SJ CK C9 C7 SQ HQ H9 H7 D9 D8],S,4,0,0,0,0,0,[HJ S8],2,0.0000
[SJ CQ C7 SA SK S8 S7 HK DT D8],S,3,1,1,0,0,0,[HT D9],10,0.0000
[C9 C7 SA ST SK S7 HQ DA DK D7],-,2,2,1,1,1,0,[CT C8],10,0.0000
[SJ HJ CA C9 SK HT HQ H8 DT D9],SH,4,0,2,0,0,0,[C8 SA],11,0.0000
[CJ DJ CA C9 SK HK HQ H9 DK D8],CD,4,0,0,0,0,0,[HA DT],21,0.0000
[SJ HJ C9 ST SK S9 HT HK H9 DT],SH,3,0,3,0,2,0,[DJ CA],13,0.0000
[CJ DJ C7 ST S8 HT H9 DK D8 D7],CD,3,0,2,0,0,0,[DT D9],10,0.0000
[DJ C9 C7 S9 S7 HK H8 H7 D9 D8],D,3,0,0,0,0,0,[C8 SA],11,0.0000
[CJ CQ C9 S8 S7 HA DK DQ D8 D7],C,3,1,0,0,0,0,[HQ DA],14,0.0000
[SJ DJ C8 SA ST S7 H9 DK DQ D8],SD,3,1,1,1,0,0,[S9 DA],11,0.0000
[CJ SJ DJ CA CT C8 C7 S7 HA D9],CSD,7,1,0,0,0,0,[C9 HK],4,0.9900
[CA CK C8 S9 S7 HT H9 H8 DK DQ],-,3,0,1,0,0,0,[DJ ST],12,0.0000
[HJ C9 C7 ST S9 HA HK HQ DT D9],H,3,1,2,0,0,0,[C8 HT],10,0.0000
[CJ C9 C7 ST S9 S7 HT HQ H7 DK],C,3,0,2,0,0,0,[SK D7],4,0.0000
[CJ CA CT CQ SA SK S9 HT H9 DT],C,4,1,2,0,0,0,[HK D9],4,0.0000
[SJ CT ST SQ S9 HA HT H9 DA D9],S,2,2,2,1,0,0,[SA H8],11,0.0000
